ID,Valores,Valores_codificados
8476,FAKE,0
10294,FAKE,0
3608,REAL,1
10142,FAKE,0
875,REAL,1
6903,FAKE,0
7341,FAKE,0
95,REAL,1
4869,REAL,1
2909,REAL,1
1357,REAL,1
988,REAL,1
7041,FAKE,0
7623,FAKE,0
1571,REAL,1
4739,REAL,1
7737,FAKE,0
8716,FAKE,0
3304,REAL,1
3078,REAL,1
2517,REAL,1
10348,FAKE,0
778,REAL,1
3300,REAL,1
6155,FAKE,0
636,REAL,1
755,REAL,1
626,REAL,1
691,REAL,1
5743,FAKE,0
1787,REAL,1
7808,FAKE,0
6484,FAKE,0
7385,FAKE,0
9016,FAKE,0
9324,FAKE,0
8983,FAKE,0
8965,FAKE,0
5580,FAKE,0
9757,FAKE,0
1967,REAL,1
431,REAL,1
5955,FAKE,0
7455,FAKE,0
5224,REAL,1
7793,FAKE,0
2777,REAL,1
587,REAL,1
9403,FAKE,0
5931,FAKE,0
3027,REAL,1
4377,REAL,1
5937,FAKE,0
7277,FAKE,0
5521,FAKE,0
3627,REAL,1
9360,FAKE,0
909,REAL,1
6646,FAKE,0
1522,REAL,1
7540,FAKE,0
1834,REAL,1
1775,REAL,1
8212,FAKE,0
3363,REAL,1
1084,REAL,1
4410,REAL,1
2669,REAL,1
3648,REAL,1
6197,FAKE,0
596,REAL,1
6061,FAKE,0
1569,REAL,1
1178,REAL,1
9545,FAKE,0
1506,REAL,1
1641,REAL,1
139,REAL,1
7744,FAKE,0
8177,FAKE,0
4134,REAL,1
917,REAL,1
3854,REAL,1
7049,FAKE,0
3343,REAL,1
4348,REAL,1
3424,REAL,1
1718,REAL,1
143,REAL,1
930,REAL,1
1661,REAL,1
7801,FAKE,0
10232,FAKE,0
1360,REAL,1
3635,REAL,1
8290,FAKE,0
6227,FAKE,0
3255,REAL,1
3177,REAL,1
2832,REAL,1
4294,REAL,1
5316,FAKE,0
1524,REAL,1
2974,REAL,1
3364,REAL,1
4933,REAL,1
5530,FAKE,0
7680,FAKE,0
10490,FAKE,0
9413,FAKE,0
4880,REAL,1
3512,REAL,1
8685,FAKE,0
6763,FAKE,0
7730,FAKE,0
2546,REAL,1
2596,REAL,1
7362,FAKE,0
7513,FAKE,0
1475,REAL,1
2232,REAL,1
6247,FAKE,0
127,REAL,1
6025,FAKE,0
10122,FAKE,0
4979,REAL,1
1700,REAL,1
9398,FAKE,0
10427,FAKE,0
7099,FAKE,0
4500,REAL,1
8013,FAKE,0
2199,REAL,1
4943,REAL,1
10092,FAKE,0
9121,FAKE,0
8122,FAKE,0
8988,FAKE,0
2115,REAL,1
8682,FAKE,0
6350,FAKE,0
4597,REAL,1
7818,FAKE,0
677,REAL,1
6408,FAKE,0
3004,REAL,1
8357,FAKE,0
10511,FAKE,0
8322,FAKE,0
6212,FAKE,0
172,REAL,1
6920,FAKE,0
9468,FAKE,0
6460,FAKE,0
5202,REAL,1
6809,FAKE,0
2802,REAL,1
1329,REAL,1
4114,REAL,1
6527,FAKE,0
4354,REAL,1
3138,REAL,1
9447,FAKE,0
7256,FAKE,0
421,REAL,1
7228,FAKE,0
2850,REAL,1
7628,FAKE,0
8918,FAKE,0
51,REAL,1
7711,FAKE,0
9295,FAKE,0
7474,FAKE,0
186,REAL,1
7661,FAKE,0
7443,FAKE,0
3700,REAL,1
8210,FAKE,0
5040,REAL,1
9756,FAKE,0
2305,REAL,1
2228,REAL,1
3008,REAL,1
6851,FAKE,0
3872,REAL,1
1884,REAL,1
4239,REAL,1
3282,REAL,1
9239,FAKE,0
4532,REAL,1
4130,REAL,1
6815,FAKE,0
599,REAL,1
4577,REAL,1
7154,FAKE,0
7757,FAKE,0
1934,REAL,1
9557,FAKE,0
5297,FAKE,0
5075,REAL,1
2076,REAL,1
8142,FAKE,0
4714,REAL,1
6176,FAKE,0
9402,FAKE,0
6948,FAKE,0
4911,REAL,1
9991,FAKE,0
10555,FAKE,0
8549,FAKE,0
2834,REAL,1
6035,FAKE,0
2281,REAL,1
9134,FAKE,0
6407,FAKE,0
1938,REAL,1
1255,REAL,1
4618,REAL,1
3602,REAL,1
6841,FAKE,0
8756,FAKE,0
5918,FAKE,0
384,REAL,1
4492,REAL,1
2432,REAL,1
5307,FAKE,0
8484,FAKE,0
9948,FAKE,0
2916,REAL,1
6058,FAKE,0
4713,REAL,1
8767,FAKE,0
4217,REAL,1
1770,REAL,1
9394,FAKE,0
8428,FAKE,0
3427,REAL,1
658,REAL,1
10357,FAKE,0
4865,REAL,1
4031,REAL,1
10257,FAKE,0
2586,REAL,1
4045,REAL,1
4632,REAL,1
71,REAL,1
7577,FAKE,0
1108,REAL,1
9485,FAKE,0
4701,REAL,1
4929,REAL,1
6698,FAKE,0
667,REAL,1
8516,FAKE,0
3382,REAL,1
10048,FAKE,0
5199,REAL,1
1809,REAL,1
5724,FAKE,0
2812,REAL,1
4666,REAL,1
7892,FAKE,0
9935,FAKE,0
6810,FAKE,0
5847,FAKE,0
7815,FAKE,0
10183,FAKE,0
6768,FAKE,0
10203,FAKE,0
4808,REAL,1
9953,FAKE,0
9625,FAKE,0
4411,REAL,1
1754,REAL,1
6872,FAKE,0
854,REAL,1
3137,REAL,1
8643,FAKE,0
2010,REAL,1
9265,FAKE,0
1109,REAL,1
3592,REAL,1
5468,FAKE,0
9044,FAKE,0
6203,FAKE,0
6316,FAKE,0
3147,REAL,1
4318,REAL,1
1905,REAL,1
4051,REAL,1
3852,REAL,1
6850,FAKE,0
205,REAL,1
6327,FAKE,0
6442,FAKE,0
3326,REAL,1
2968,REAL,1
3107,REAL,1
1284,REAL,1
2989,REAL,1
6801,FAKE,0
3866,REAL,1
9196,FAKE,0
4796,REAL,1
9676,FAKE,0
961,REAL,1
273,REAL,1
3398,REAL,1
10194,FAKE,0
263,REAL,1
1242,REAL,1
2840,REAL,1
8772,FAKE,0
6862,FAKE,0
6871,FAKE,0
7391,FAKE,0
1570,REAL,1
2463,REAL,1
4469,REAL,1
2507,REAL,1
9283,FAKE,0
8646,FAKE,0
6784,FAKE,0
1610,REAL,1
9508,FAKE,0
4107,REAL,1
3474,REAL,1
8197,FAKE,0
1181,REAL,1
624,REAL,1
5575,FAKE,0
2042,REAL,1
8114,FAKE,0
10246,FAKE,0
9029,FAKE,0
1680,REAL,1
2874,REAL,1
6448,FAKE,0
8294,FAKE,0
5244,REAL,1
7338,FAKE,0
5926,FAKE,0
5914,FAKE,0
3888,REAL,1
763,REAL,1
739,REAL,1
9961,FAKE,0
1338,REAL,1
5258,REAL,1
4053,REAL,1
2678,REAL,1
3495,REAL,1
4930,REAL,1
4904,REAL,1
6391,FAKE,0
3146,REAL,1
4489,REAL,1
9521,FAKE,0
4454,REAL,1
4708,REAL,1
9340,FAKE,0
8145,FAKE,0
1461,REAL,1
440,REAL,1
7844,FAKE,0
3851,REAL,1
334,REAL,1
7928,FAKE,0
9168,FAKE,0
6455,FAKE,0
3767,REAL,1
6135,FAKE,0
5215,REAL,1
5207,REAL,1
10021,FAKE,0
5035,REAL,1
3103,REAL,1
6775,FAKE,0
8263,FAKE,0
1376,REAL,1
6494,FAKE,0
1510,REAL,1
356,REAL,1
8521,FAKE,0
5722,FAKE,0
2683,REAL,1
8340,FAKE,0
4020,REAL,1
7006,FAKE,0
3226,REAL,1
6287,FAKE,0
7119,FAKE,0
3375,REAL,1
3106,REAL,1
6804,FAKE,0
5352,FAKE,0
2339,REAL,1
7771,FAKE,0
2422,REAL,1
1597,REAL,1
4261,REAL,1
2640,REAL,1
10454,FAKE,0
4477,REAL,1
5184,REAL,1
4648,REAL,1
3144,REAL,1
1784,REAL,1
9814,FAKE,0
800,REAL,1
1518,REAL,1
6429,FAKE,0
3938,REAL,1
3638,REAL,1
6918,FAKE,0
9825,FAKE,0
7713,FAKE,0
1829,REAL,1
6995,FAKE,0
2845,REAL,1
317,REAL,1
3302,REAL,1
9645,FAKE,0
9251,FAKE,0
8146,FAKE,0
9722,FAKE,0
162,REAL,1
151,REAL,1
6170,FAKE,0
2714,REAL,1
3327,REAL,1
4147,REAL,1
751,REAL,1
3993,REAL,1
3664,REAL,1
5438,FAKE,0
6329,FAKE,0
4455,REAL,1
9769,FAKE,0
235,REAL,1
4359,REAL,1
2462,REAL,1
7877,FAKE,0
5305,FAKE,0
8824,FAKE,0
9453,FAKE,0
4289,REAL,1
5434,FAKE,0
6665,FAKE,0
743,REAL,1
9554,FAKE,0
8925,FAKE,0
5061,REAL,1
7953,FAKE,0
1146,REAL,1
6588,FAKE,0
9586,FAKE,0
6299,FAKE,0
10314,FAKE,0
9648,FAKE,0
9437,FAKE,0
9444,FAKE,0
1027,REAL,1
9560,FAKE,0
5237,REAL,1
8133,FAKE,0
4122,REAL,1
266,REAL,1
10548,FAKE,0
2551,REAL,1
10363,FAKE,0
5060,REAL,1
5183,REAL,1
2822,REAL,1
4305,REAL,1
1786,REAL,1
5685,FAKE,0
2057,REAL,1
6128,FAKE,0
7303,FAKE,0
4601,REAL,1
8367,FAKE,0
1996,REAL,1
4267,REAL,1
3077,REAL,1
2376,REAL,1
9553,FAKE,0
2570,REAL,1
4375,REAL,1
6917,FAKE,0
781,REAL,1
7811,FAKE,0
7529,FAKE,0
8353,FAKE,0
10250,FAKE,0
2619,REAL,1
8696,FAKE,0
9749,FAKE,0
693,REAL,1
4621,REAL,1
7253,FAKE,0
5869,FAKE,0
1118,REAL,1
6369,FAKE,0
7701,FAKE,0
5223,REAL,1
6113,FAKE,0
9696,FAKE,0
10124,FAKE,0
9390,FAKE,0
217,REAL,1
2634,REAL,1
3134,REAL,1
8552,FAKE,0
1590,REAL,1
704,REAL,1
7863,FAKE,0
3982,REAL,1
8614,FAKE,0
3140,REAL,1
1423,REAL,1
10518,FAKE,0
3828,REAL,1
9231,FAKE,0
8088,FAKE,0
1722,REAL,1
9307,FAKE,0
1479,REAL,1
992,REAL,1
8483,FAKE,0
1343,REAL,1
10531,FAKE,0
5330,FAKE,0
187,REAL,1
5209,REAL,1
6975,FAKE,0
9618,FAKE,0
4883,REAL,1
4750,REAL,1
7589,FAKE,0
9640,FAKE,0
8059,FAKE,0
8692,FAKE,0
5020,REAL,1
1171,REAL,1
9614,FAKE,0
7147,FAKE,0
764,REAL,1
10396,FAKE,0
1819,REAL,1
569,REAL,1
4770,REAL,1
10442,FAKE,0
1920,REAL,1
4431,REAL,1
1675,REAL,1
5057,REAL,1
9738,FAKE,0
7410,FAKE,0
5551,FAKE,0
8648,FAKE,0
9968,FAKE,0
6818,FAKE,0
188,REAL,1
5028,REAL,1
3,REAL,1
7103,FAKE,0
4561,REAL,1
7938,FAKE,0
4145,REAL,1
479,REAL,1
6132,FAKE,0
6865,FAKE,0
2532,REAL,1
7986,FAKE,0
6622,FAKE,0
4246,REAL,1
9785,FAKE,0
708,REAL,1
5485,FAKE,0
9748,FAKE,0
4563,REAL,1
6351,FAKE,0
944,REAL,1
9652,FAKE,0
821,REAL,1
6893,FAKE,0
7831,FAKE,0
5114,REAL,1
4630,REAL,1
3887,REAL,1
9253,FAKE,0
8577,FAKE,0
10130,FAKE,0
500,REAL,1
10391,FAKE,0
2497,REAL,1
9742,FAKE,0
7946,FAKE,0
6939,FAKE,0
7317,FAKE,0
2837,REAL,1
6814,FAKE,0
5871,FAKE,0
3870,REAL,1
868,REAL,1
1115,REAL,1
6863,FAKE,0
449,REAL,1
2768,REAL,1
10300,FAKE,0
9765,FAKE,0
9569,FAKE,0
3855,REAL,1
6220,FAKE,0
5849,FAKE,0
1318,REAL,1
972,REAL,1
109,REAL,1
2691,REAL,1
5772,FAKE,0
4397,REAL,1
8902,FAKE,0
2052,REAL,1
5760,FAKE,0
7169,FAKE,0
7966,FAKE,0
605,REAL,1
6895,FAKE,0
819,REAL,1
9302,FAKE,0
9565,FAKE,0
1883,REAL,1
3682,REAL,1
5826,FAKE,0
5190,REAL,1
2139,REAL,1
6437,FAKE,0
7588,FAKE,0
9443,FAKE,0
2646,REAL,1
1604,REAL,1
1424,REAL,1
6745,FAKE,0
7314,FAKE,0
10056,FAKE,0
4484,REAL,1
9835,FAKE,0
6787,FAKE,0
1297,REAL,1
5821,FAKE,0
6752,FAKE,0
8524,FAKE,0
2732,REAL,1
4088,REAL,1
578,REAL,1
1723,REAL,1
7047,FAKE,0
10133,FAKE,0
3256,REAL,1
2786,REAL,1
9930,FAKE,0
4514,REAL,1
1612,REAL,1
1951,REAL,1
9189,FAKE,0
5105,REAL,1
5401,FAKE,0
2987,REAL,1
1653,REAL,1
10061,FAKE,0
6323,FAKE,0
6742,FAKE,0
5891,FAKE,0
462,REAL,1
2102,REAL,1
6074,FAKE,0
1530,REAL,1
2588,REAL,1
6982,FAKE,0
7498,FAKE,0
10060,FAKE,0
9093,FAKE,0
4797,REAL,1
5134,REAL,1
1535,REAL,1
5128,REAL,1
4126,REAL,1
9102,FAKE,0
7132,FAKE,0
1222,REAL,1
2005,REAL,1
9514,FAKE,0
7940,FAKE,0
3081,REAL,1
324,REAL,1
5482,FAKE,0
10241,FAKE,0
9364,FAKE,0
7276,FAKE,0
17,REAL,1
7789,FAKE,0
8906,FAKE,0
10522,FAKE,0
1005,REAL,1
9397,FAKE,0
4050,REAL,1
419,REAL,1
3897,REAL,1
3761,REAL,1
8332,FAKE,0
4197,REAL,1
193,REAL,1
8974,FAKE,0
9008,FAKE,0
1014,REAL,1
126,REAL,1
1857,REAL,1
1059,REAL,1
7236,FAKE,0
10001,FAKE,0
3456,REAL,1
9613,FAKE,0
6972,FAKE,0
5728,FAKE,0
7166,FAKE,0
9965,FAKE,0
7264,FAKE,0
2211,REAL,1
8421,FAKE,0
5177,REAL,1
5185,REAL,1
7433,FAKE,0
5682,FAKE,0
5082,REAL,1
8594,FAKE,0
2086,REAL,1
4844,REAL,1
10152,FAKE,0
4494,REAL,1
7913,FAKE,0
2222,REAL,1
9275,FAKE,0
5413,FAKE,0
7742,FAKE,0
8651,FAKE,0
3566,REAL,1
9381,FAKE,0
6837,FAKE,0
2624,REAL,1
9771,FAKE,0
6474,FAKE,0
1066,REAL,1
7217,FAKE,0
825,REAL,1
9701,FAKE,0
5445,FAKE,0
2706,REAL,1
2574,REAL,1
4996,REAL,1
3764,REAL,1
7313,FAKE,0
8956,FAKE,0
6551,FAKE,0
3168,REAL,1
3494,REAL,1
9014,FAKE,0
6552,FAKE,0
5325,FAKE,0
131,REAL,1
7038,FAKE,0
6728,FAKE,0
3073,REAL,1
4047,REAL,1
5484,FAKE,0
5083,REAL,1
8039,FAKE,0
6936,FAKE,0
10028,FAKE,0
4027,REAL,1
4587,REAL,1
9242,FAKE,0
9623,FAKE,0
6159,FAKE,0
6367,FAKE,0
497,REAL,1
1532,REAL,1
6090,FAKE,0
4696,REAL,1
6210,FAKE,0
8283,FAKE,0
3821,REAL,1
7271,FAKE,0
2519,REAL,1
9917,FAKE,0
7524,FAKE,0
9913,FAKE,0
806,REAL,1
6633,FAKE,0
5236,REAL,1
8389,FAKE,0
9487,FAKE,0
8326,FAKE,0
7381,FAKE,0
7216,FAKE,0
1994,REAL,1
9314,FAKE,0
5329,FAKE,0
4070,REAL,1
612,REAL,1
5089,REAL,1
10270,FAKE,0
8752,FAKE,0
1162,REAL,1
4052,REAL,1
7114,FAKE,0
10444,FAKE,0
7146,FAKE,0
5538,FAKE,0
2004,REAL,1
9804,FAKE,0
911,REAL,1
8376,FAKE,0
7090,FAKE,0
5146,REAL,1
10,REAL,1
8505,FAKE,0
2893,REAL,1
4434,REAL,1
814,REAL,1
9432,FAKE,0
7677,FAKE,0
7095,FAKE,0
6859,FAKE,0
2036,REAL,1
7305,FAKE,0
10453,FAKE,0
90,REAL,1
5546,FAKE,0
3559,REAL,1
7425,FAKE,0
6880,FAKE,0
1241,REAL,1
9998,FAKE,0
6830,FAKE,0
7000,FAKE,0
8417,FAKE,0
8422,FAKE,0
10439,FAKE,0
4806,REAL,1
7667,FAKE,0
4398,REAL,1
8032,FAKE,0
756,REAL,1
7304,FAKE,0
3386,REAL,1
10501,FAKE,0
4178,REAL,1
1845,REAL,1
3032,REAL,1
8938,FAKE,0
6600,FAKE,0
5612,FAKE,0
2905,REAL,1
2593,REAL,1
3837,REAL,1
10113,FAKE,0
3666,REAL,1
2219,REAL,1
3848,REAL,1
9409,FAKE,0
5268,REAL,1
7823,FAKE,0
5596,FAKE,0
4328,REAL,1
9293,FAKE,0
5142,REAL,1
7480,FAKE,0
837,REAL,1
2087,REAL,1
5547,FAKE,0
10410,FAKE,0
2181,REAL,1
5590,FAKE,0
5502,FAKE,0
3247,REAL,1
7127,FAKE,0
2844,REAL,1
9169,FAKE,0
3622,REAL,1
5850,FAKE,0
3551,REAL,1
8762,FAKE,0
9428,FAKE,0
3736,REAL,1
9535,FAKE,0
4306,REAL,1
3974,REAL,1
6246,FAKE,0
5602,FAKE,0
9303,FAKE,0
3202,REAL,1
3466,REAL,1
1364,REAL,1
7200,FAKE,0
1019,REAL,1
5336,FAKE,0
9764,FAKE,0
2089,REAL,1
2189,REAL,1
2258,REAL,1
7375,FAKE,0
524,REAL,1
5147,REAL,1
7014,FAKE,0
1783,REAL,1
171,REAL,1
736,REAL,1
4283,REAL,1
10304,FAKE,0
3691,REAL,1
8709,FAKE,0
2627,REAL,1
2237,REAL,1
1064,REAL,1
849,REAL,1
1802,REAL,1
7670,FAKE,0
10462,FAKE,0
9463,FAKE,0
10340,FAKE,0
1875,REAL,1
62,REAL,1
3957,REAL,1
9525,FAKE,0
4268,REAL,1
8949,FAKE,0
6989,FAKE,0
7210,FAKE,0
3215,REAL,1
9474,FAKE,0
1753,REAL,1
4906,REAL,1
1235,REAL,1
4360,REAL,1
9977,FAKE,0
6167,FAKE,0
4076,REAL,1
9019,FAKE,0
347,REAL,1
2921,REAL,1
3002,REAL,1
7484,FAKE,0
3067,REAL,1
2912,REAL,1
6432,FAKE,0
5088,REAL,1
602,REAL,1
8181,FAKE,0
8635,FAKE,0
3173,REAL,1
4689,REAL,1
4327,REAL,1
10179,FAKE,0
2084,REAL,1
5671,FAKE,0
8497,FAKE,0
5673,FAKE,0
6319,FAKE,0
1155,REAL,1
486,REAL,1
2735,REAL,1
5812,FAKE,0
7222,FAKE,0
7223,FAKE,0
3809,REAL,1
2386,REAL,1
7922,FAKE,0
8397,FAKE,0
8525,FAKE,0
9232,FAKE,0
4370,REAL,1
10247,FAKE,0
7345,FAKE,0
2018,REAL,1
6672,FAKE,0
3641,REAL,1
1556,REAL,1
322,REAL,1
5408,FAKE,0
10372,FAKE,0
2797,REAL,1
1224,REAL,1
5439,FAKE,0
5623,FAKE,0
8473,FAKE,0
5606,FAKE,0
5753,FAKE,0
2775,REAL,1
10085,FAKE,0
6057,FAKE,0
5544,FAKE,0
144,REAL,1
750,REAL,1
72,REAL,1
7363,FAKE,0
3946,REAL,1
1006,REAL,1
3506,REAL,1
8560,FAKE,0
9097,FAKE,0
9780,FAKE,0
639,REAL,1
5899,FAKE,0
4207,REAL,1
7590,FAKE,0
7587,FAKE,0
382,REAL,1
6433,FAKE,0
5751,FAKE,0
1471,REAL,1
10557,FAKE,0
5313,FAKE,0
9927,FAKE,0
4842,REAL,1
2877,REAL,1
2241,REAL,1
2186,REAL,1
4759,REAL,1
402,REAL,1
2421,REAL,1
10441,FAKE,0
7732,FAKE,0
1791,REAL,1
2863,REAL,1
9848,FAKE,0
8082,FAKE,0
10457,FAKE,0
1983,REAL,1
4429,REAL,1
6970,FAKE,0
5939,FAKE,0
10016,FAKE,0
9203,FAKE,0
1020,REAL,1
4030,REAL,1
1760,REAL,1
5585,FAKE,0
5701,FAKE,0
3777,REAL,1
10394,FAKE,0
7635,FAKE,0
1742,REAL,1
7258,FAKE,0
244,REAL,1
2806,REAL,1
1734,REAL,1
4629,REAL,1
6722,FAKE,0
8590,FAKE,0
9375,FAKE,0
1190,REAL,1
10420,FAKE,0
5176,REAL,1
1039,REAL,1
4786,REAL,1
3859,REAL,1
6223,FAKE,0
4459,REAL,1
3727,REAL,1
1630,REAL,1
3750,REAL,1
3829,REAL,1
7560,FAKE,0
3127,REAL,1
1902,REAL,1
908,REAL,1
7426,FAKE,0
5674,FAKE,0
8699,FAKE,0
68,REAL,1
8773,FAKE,0
8933,FAKE,0
1280,REAL,1
6017,FAKE,0
3303,REAL,1
10534,FAKE,0
6754,FAKE,0
3788,REAL,1
1980,REAL,1
7438,FAKE,0
2291,REAL,1
2995,REAL,1
9723,FAKE,0
7180,FAKE,0
8801,FAKE,0
2162,REAL,1
4709,REAL,1
8640,FAKE,0
1386,REAL,1
10042,FAKE,0
5569,FAKE,0
3856,REAL,1
1785,REAL,1
8396,FAKE,0
5113,REAL,1
5903,FAKE,0
2526,REAL,1
2445,REAL,1
1326,REAL,1
8265,FAKE,0
4523,REAL,1
8527,FAKE,0
9205,FAKE,0
5513,FAKE,0
9964,FAKE,0
2434,REAL,1
6616,FAKE,0
1126,REAL,1
5793,FAKE,0
7209,FAKE,0
7015,FAKE,0
4718,REAL,1
8715,FAKE,0
9089,FAKE,0
4804,REAL,1
10101,FAKE,0
2938,REAL,1
5165,REAL,1
6905,FAKE,0
8024,FAKE,0
4542,REAL,1
4373,REAL,1
1204,REAL,1
4676,REAL,1
1247,REAL,1
3991,REAL,1
7526,FAKE,0
9615,FAKE,0
4922,REAL,1
6609,FAKE,0
10509,FAKE,0
2527,REAL,1
4830,REAL,1
6886,FAKE,0
957,REAL,1
6541,FAKE,0
1079,REAL,1
7221,FAKE,0
3529,REAL,1
8507,FAKE,0
9824,FAKE,0
3209,REAL,1
3124,REAL,1
4016,REAL,1
6632,FAKE,0
7794,FAKE,0
10538,FAKE,0
9280,FAKE,0
2946,REAL,1
8336,FAKE,0
8883,FAKE,0
3869,REAL,1
6887,FAKE,0
2611,REAL,1
9119,FAKE,0
3904,REAL,1
292,REAL,1
7325,FAKE,0
2216,REAL,1
10529,FAKE,0
4686,REAL,1
22,REAL,1
7330,FAKE,0
668,REAL,1
10036,FAKE,0
7478,FAKE,0
2436,REAL,1
8596,FAKE,0
701,REAL,1
3932,REAL,1
5195,REAL,1
9401,FAKE,0
7854,FAKE,0
1502,REAL,1
987,REAL,1
4292,REAL,1
10238,FAKE,0
2413,REAL,1
2092,REAL,1
9827,FAKE,0
469,REAL,1
5908,FAKE,0
2266,REAL,1
4567,REAL,1
4732,REAL,1
6606,FAKE,0
8927,FAKE,0
7625,FAKE,0
1929,REAL,1
6589,FAKE,0
2124,REAL,1
5755,FAKE,0
2411,REAL,1
8919,FAKE,0
7232,FAKE,0
6678,FAKE,0
4407,REAL,1
5420,FAKE,0
7859,FAKE,0
4096,REAL,1
8550,FAKE,0
8354,FAKE,0
10549,FAKE,0
590,REAL,1
4174,REAL,1
6949,FAKE,0
3435,REAL,1
1602,REAL,1
8997,FAKE,0
3112,REAL,1
926,REAL,1
9654,FAKE,0
1777,REAL,1
10023,FAKE,0
8319,FAKE,0
10378,FAKE,0
7665,FAKE,0
6115,FAKE,0
7538,FAKE,0
2009,REAL,1
4803,REAL,1
3778,REAL,1
6010,FAKE,0
4250,REAL,1
3428,REAL,1
2948,REAL,1
5560,FAKE,0
6055,FAKE,0
1406,REAL,1
5503,FAKE,0
666,REAL,1
4740,REAL,1
9098,FAKE,0
4818,REAL,1
5085,REAL,1
8195,FAKE,0
3524,REAL,1
6964,FAKE,0
9376,FAKE,0
9767,FAKE,0
30,REAL,1
8655,FAKE,0
973,REAL,1
9230,FAKE,0
10214,FAKE,0
8275,FAKE,0
6547,FAKE,0
900,REAL,1
1102,REAL,1
6497,FAKE,0
8621,FAKE,0
3454,REAL,1
9185,FAKE,0
6012,FAKE,0
4430,REAL,1
5212,REAL,1
8056,FAKE,0
10329,FAKE,0
50,REAL,1
16,REAL,1
8208,FAKE,0
7401,FAKE,0
4409,REAL,1
10120,FAKE,0
10472,FAKE,0
4736,REAL,1
10365,FAKE,0
4223,REAL,1
3826,REAL,1
8223,FAKE,0
10144,FAKE,0
4247,REAL,1
6178,FAKE,0
3322,REAL,1
8736,FAKE,0
10310,FAKE,0
7666,FAKE,0
9698,FAKE,0
3410,REAL,1
5274,REAL,1
1167,REAL,1
551,REAL,1
9497,FAKE,0
10404,FAKE,0
2998,REAL,1
1047,REAL,1
998,REAL,1
9512,FAKE,0
9063,FAKE,0
3179,REAL,1
10367,FAKE,0
7285,FAKE,0
702,REAL,1
5888,FAKE,0
5943,FAKE,0
2483,REAL,1
6398,FAKE,0
6290,FAKE,0
8879,FAKE,0
7864,FAKE,0
10024,FAKE,0
3317,REAL,1
7595,FAKE,0
1437,REAL,1
6943,FAKE,0
7354,FAKE,0
2889,REAL,1
1499,REAL,1
5649,FAKE,0
2843,REAL,1
9005,FAKE,0
159,REAL,1
9111,FAKE,0
7294,FAKE,0
899,REAL,1
2012,REAL,1
4281,REAL,1
6389,FAKE,0
9227,FAKE,0
9183,FAKE,0
737,REAL,1
2680,REAL,1
3059,REAL,1
3981,REAL,1
5528,FAKE,0
4509,REAL,1
9261,FAKE,0
9335,FAKE,0
4451,REAL,1
5727,FAKE,0
9899,FAKE,0
8196,FAKE,0
8391,FAKE,0
9009,FAKE,0
2378,REAL,1
5032,REAL,1
3058,REAL,1
7902,FAKE,0
3380,REAL,1
491,REAL,1
7399,FAKE,0
10429,FAKE,0
9529,FAKE,0
4157,REAL,1
8077,FAKE,0
6683,FAKE,0
9957,FAKE,0
2650,REAL,1
5604,FAKE,0
492,REAL,1
7760,FAKE,0
2419,REAL,1
1705,REAL,1
1296,REAL,1
912,REAL,1
74,REAL,1
269,REAL,1
6093,FAKE,0
3339,REAL,1
8830,FAKE,0
7998,FAKE,0
3342,REAL,1
3769,REAL,1
156,REAL,1
9877,FAKE,0
9328,FAKE,0
7907,FAKE,0
8438,FAKE,0
4115,REAL,1
9166,FAKE,0
6679,FAKE,0
4591,REAL,1
3759,REAL,1
3042,REAL,1
6915,FAKE,0
6106,FAKE,0
9211,FAKE,0
6410,FAKE,0
9778,FAKE,0
6813,FAKE,0
8398,FAKE,0
4554,REAL,1
2392,REAL,1
7042,FAKE,0
8546,FAKE,0
5081,REAL,1
8496,FAKE,0
4116,REAL,1
3105,REAL,1
851,REAL,1
6285,FAKE,0
8523,FAKE,0
9860,FAKE,0
8971,FAKE,0
118,REAL,1
3037,REAL,1
1546,REAL,1
345,REAL,1
8995,FAKE,0
8369,FAKE,0
1797,REAL,1
9633,FAKE,0
6608,FAKE,0
6422,FAKE,0
2911,REAL,1
2133,REAL,1
6153,FAKE,0
7643,FAKE,0
10212,FAKE,0
4425,REAL,1
9495,FAKE,0
23,REAL,1
6911,FAKE,0
3812,REAL,1
9663,FAKE,0
10318,FAKE,0
5233,REAL,1
3284,REAL,1
3433,REAL,1
2492,REAL,1
3766,REAL,1
6653,FAKE,0
2047,REAL,1
10069,FAKE,0
9216,FAKE,0
2796,REAL,1
5828,FAKE,0
4562,REAL,1
3793,REAL,1
2660,REAL,1
493,REAL,1
9118,FAKE,0
832,REAL,1
9276,FAKE,0
534,REAL,1
2699,REAL,1
2616,REAL,1
6271,FAKE,0
7636,FAKE,0
8836,FAKE,0
967,REAL,1
6780,FAKE,0
3030,REAL,1
8366,FAKE,0
700,REAL,1
3463,REAL,1
6277,FAKE,0
1627,REAL,1
4572,REAL,1
5895,FAKE,0
10233,FAKE,0
184,REAL,1
7952,FAKE,0
10010,FAKE,0
7395,FAKE,0
5581,FAKE,0
7202,FAKE,0
8098,FAKE,0
5860,FAKE,0
8554,FAKE,0
7377,FAKE,0
4529,REAL,1
3693,REAL,1
5610,FAKE,0
4665,REAL,1
4378,REAL,1
775,REAL,1
3893,REAL,1
9588,FAKE,0
3046,REAL,1
4188,REAL,1
9966,FAKE,0
718,REAL,1
8632,FAKE,0
3701,REAL,1
3680,REAL,1
1070,REAL,1
8781,FAKE,0
2935,REAL,1
6431,FAKE,0
3048,REAL,1
2697,REAL,1
4748,REAL,1
9264,FAKE,0
597,REAL,1
828,REAL,1
2951,REAL,1
416,REAL,1
5317,FAKE,0
2424,REAL,1
931,REAL,1
3347,REAL,1
4779,REAL,1
7847,FAKE,0
3389,REAL,1
8999,FAKE,0
4691,REAL,1
7091,FAKE,0
6405,FAKE,0
4789,REAL,1
101,REAL,1
10128,FAKE,0
7564,FAKE,0
5238,REAL,1
3994,REAL,1
9594,FAKE,0
7761,FAKE,0
8018,FAKE,0
8046,FAKE,0
6008,FAKE,0
9043,FAKE,0
7268,FAKE,0
981,REAL,1
1328,REAL,1
3523,REAL,1
8244,FAKE,0
2062,REAL,1
3115,REAL,1
6558,FAKE,0
141,REAL,1
6973,FAKE,0
6729,FAKE,0
8084,FAKE,0
9620,FAKE,0
5385,FAKE,0
5171,REAL,1
6974,FAKE,0
9210,FAKE,0
5656,FAKE,0
3575,REAL,1
7905,FAKE,0
3189,REAL,1
2949,REAL,1
2260,REAL,1
1636,REAL,1
9617,FAKE,0
6048,FAKE,0
2060,REAL,1
8851,FAKE,0
6279,FAKE,0
6479,FAKE,0
8479,FAKE,0
6001,FAKE,0
6769,FAKE,0
9702,FAKE,0
3415,REAL,1
4692,REAL,1
5235,REAL,1
6333,FAKE,0
6499,FAKE,0
9610,FAKE,0
7769,FAKE,0
6244,FAKE,0
4837,REAL,1
5289,FAKE,0
8345,FAKE,0
5280,FAKE,0
690,REAL,1
397,REAL,1
9190,FAKE,0
1012,REAL,1
1133,REAL,1
8631,FAKE,0
7199,FAKE,0
8373,FAKE,0
5064,REAL,1
6607,FAKE,0
929,REAL,1
5614,FAKE,0
6031,FAKE,0
7084,FAKE,0
5170,REAL,1
7860,FAKE,0
3918,REAL,1
305,REAL,1
6816,FAKE,0
9724,FAKE,0
6674,FAKE,0
10284,FAKE,0
728,REAL,1
3508,REAL,1
3315,REAL,1
5383,FAKE,0
4959,REAL,1
5123,REAL,1
216,REAL,1
1644,REAL,1
3156,REAL,1
4416,REAL,1
7622,FAKE,0
2953,REAL,1
7137,FAKE,0
7007,FAKE,0
2994,REAL,1
3626,REAL,1
9114,FAKE,0
7746,FAKE,0
46,REAL,1
5680,FAKE,0
5639,FAKE,0
4322,REAL,1
9165,FAKE,0
351,REAL,1
7994,FAKE,0
6997,FAKE,0
4582,REAL,1
7658,FAKE,0
4999,REAL,1
8572,FAKE,0
9776,FAKE,0
9826,FAKE,0
7054,FAKE,0
4767,REAL,1
6510,FAKE,0
1453,REAL,1
2883,REAL,1
10252,FAKE,0
6950,FAKE,0
2785,REAL,1
7559,FAKE,0
698,REAL,1
7175,FAKE,0
9461,FAKE,0
9310,FAKE,0
240,REAL,1
8472,FAKE,0
7829,FAKE,0
9080,FAKE,0
3947,REAL,1
7774,FAKE,0
5522,FAKE,0
8049,FAKE,0
4337,REAL,1
6561,FAKE,0
7445,FAKE,0
735,REAL,1
3325,REAL,1
277,REAL,1
7984,FAKE,0
5924,FAKE,0
9038,FAKE,0
3019,REAL,1
8004,FAKE,0
8817,FAKE,0
3341,REAL,1
971,REAL,1
10076,FAKE,0
9278,FAKE,0
3860,REAL,1
7080,FAKE,0
7754,FAKE,0
5664,FAKE,0
9064,FAKE,0
5802,FAKE,0
8695,FAKE,0
9494,FAKE,0
2725,REAL,1
224,REAL,1
6715,FAKE,0
2583,REAL,1
8190,FAKE,0
2126,REAL,1
8085,FAKE,0
8171,FAKE,0
2784,REAL,1
604,REAL,1
2351,REAL,1
9332,FAKE,0
8821,FAKE,0
6066,FAKE,0
3089,REAL,1
5854,FAKE,0
10507,FAKE,0
8886,FAKE,0
5323,FAKE,0
8960,FAKE,0
8235,FAKE,0
7079,FAKE,0
9296,FAKE,0
8356,FAKE,0
2081,REAL,1
5648,FAKE,0
4571,REAL,1
576,REAL,1
5006,REAL,1
7699,FAKE,0
4913,REAL,1
6648,FAKE,0
654,REAL,1
9116,FAKE,0
3218,REAL,1
3673,REAL,1
9473,FAKE,0
5991,FAKE,0
2932,REAL,1
1831,REAL,1
4408,REAL,1
6743,FAKE,0
9839,FAKE,0
3927,REAL,1
7339,FAKE,0
4625,REAL,1
4650,REAL,1
4565,REAL,1
1901,REAL,1
3634,REAL,1
2356,REAL,1
9555,FAKE,0
2270,REAL,1
7878,FAKE,0
5208,REAL,1
94,REAL,1
10516,FAKE,0
4909,REAL,1
5696,FAKE,0
6833,FAKE,0
5476,FAKE,0
6478,FAKE,0
8215,FAKE,0
2518,REAL,1
9153,FAKE,0
7971,FAKE,0
1042,REAL,1
772,REAL,1
4220,REAL,1
9564,FAKE,0
10456,FAKE,0
6091,FAKE,0
5214,REAL,1
6539,FAKE,0
783,REAL,1
45,REAL,1
4286,REAL,1
1776,REAL,1
3240,REAL,1
779,REAL,1
189,REAL,1
8838,FAKE,0
4923,REAL,1
7160,FAKE,0
2122,REAL,1
10211,FAKE,0
4401,REAL,1
6703,FAKE,0
5210,REAL,1
10116,FAKE,0
705,REAL,1
7061,FAKE,0
6315,FAKE,0
365,REAL,1
5876,FAKE,0
9758,FAKE,0
1640,REAL,1
4958,REAL,1
10161,FAKE,0
9577,FAKE,0
5440,FAKE,0
9347,FAKE,0
8136,FAKE,0
6180,FAKE,0
9156,FAKE,0
6573,FAKE,0
3567,REAL,1
1463,REAL,1
394,REAL,1
9798,FAKE,0
5417,FAKE,0
1245,REAL,1
5109,REAL,1
906,REAL,1
5098,REAL,1
5965,FAKE,0
9589,FAKE,0
4995,REAL,1
8794,FAKE,0
4871,REAL,1
10087,FAKE,0
7157,FAKE,0
3961,REAL,1
368,REAL,1
9950,FAKE,0
7102,FAKE,0
5125,REAL,1
5995,FAKE,0
4855,REAL,1
5608,FAKE,0
4176,REAL,1
433,REAL,1
1301,REAL,1
1464,REAL,1
985,REAL,1
6891,FAKE,0
10546,FAKE,0
4966,REAL,1
4170,REAL,1
858,REAL,1
5901,FAKE,0
6211,FAKE,0
7810,FAKE,0
9164,FAKE,0
413,REAL,1
5206,REAL,1
2632,REAL,1
1707,REAL,1
8343,FAKE,0
5084,REAL,1
507,REAL,1
9660,FAKE,0
9234,FAKE,0
9781,FAKE,0
9818,FAKE,0
2746,REAL,1
3136,REAL,1
5416,FAKE,0
3100,REAL,1
4462,REAL,1
1847,REAL,1
1054,REAL,1
2717,REAL,1
4164,REAL,1
7408,FAKE,0
6216,FAKE,0
5448,FAKE,0
5466,FAKE,0
3949,REAL,1
4657,REAL,1
2811,REAL,1
10266,FAKE,0
6472,FAKE,0
3461,REAL,1
3830,REAL,1
14,REAL,1
7517,FAKE,0
7783,FAKE,0
9120,FAKE,0
984,REAL,1
9333,FAKE,0
5396,FAKE,0
962,REAL,1
9679,FAKE,0
5752,FAKE,0
6673,FAKE,0
4526,REAL,1
9155,FAKE,0
7520,FAKE,0
3288,REAL,1
9262,FAKE,0
8081,FAKE,0
7869,FAKE,0
4798,REAL,1
9175,FAKE,0
8307,FAKE,0
2154,REAL,1
8895,FAKE,0
4315,REAL,1
9680,FAKE,0
6654,FAKE,0
6662,FAKE,0
9132,FAKE,0
10248,FAKE,0
3208,REAL,1
7544,FAKE,0
5619,FAKE,0
932,REAL,1
465,REAL,1
1172,REAL,1
6183,FAKE,0
7615,FAKE,0
8948,FAKE,0
6464,FAKE,0
2868,REAL,1
198,REAL,1
8816,FAKE,0
6341,FAKE,0
9320,FAKE,0
1134,REAL,1
5944,FAKE,0
7919,FAKE,0
7073,FAKE,0
7494,FAKE,0
8149,FAKE,0
5291,FAKE,0
1164,REAL,1
1937,REAL,1
4516,REAL,1
9918,FAKE,0
6718,FAKE,0
83,REAL,1
7962,FAKE,0
8470,FAKE,0
1849,REAL,1
10400,FAKE,0
3644,REAL,1
8684,FAKE,0
6420,FAKE,0
3827,REAL,1
10510,FAKE,0
3741,REAL,1
8917,FAKE,0
3217,REAL,1
2897,REAL,1
7503,FAKE,0
2221,REAL,1
7736,FAKE,0
8067,FAKE,0
1817,REAL,1
6094,FAKE,0
10230,FAKE,0
8041,FAKE,0
8810,FAKE,0
1490,REAL,1
1168,REAL,1
2205,REAL,1
1153,REAL,1
9384,FAKE,0
10054,FAKE,0
1095,REAL,1
2401,REAL,1
8576,FAKE,0
1279,REAL,1
6196,FAKE,0
9799,FAKE,0
5542,FAKE,0
2825,REAL,1
7227,FAKE,0
2304,REAL,1
1231,REAL,1
3715,REAL,1
9682,FAKE,0
2835,REAL,1
7525,FAKE,0
7086,FAKE,0
7430,FAKE,0
5467,FAKE,0
3933,REAL,1
10089,FAKE,0
4144,REAL,1
5464,FAKE,0
9143,FAKE,0
4038,REAL,1
4608,REAL,1
9126,FAKE,0
3501,REAL,1
4544,REAL,1
7161,FAKE,0
671,REAL,1
5121,REAL,1
60,REAL,1
7348,FAKE,0
5587,FAKE,0
10205,FAKE,0
3500,REAL,1
6993,FAKE,0
6489,FAKE,0
1892,REAL,1
405,REAL,1
7252,FAKE,0
6404,FAKE,0
2214,REAL,1
6490,FAKE,0
5019,REAL,1
3576,REAL,1
3762,REAL,1
861,REAL,1
5282,FAKE,0
6934,FAKE,0
43,REAL,1
7432,FAKE,0
3871,REAL,1
7955,FAKE,0
5808,FAKE,0
7697,FAKE,0
2171,REAL,1
6044,FAKE,0
2795,REAL,1
3911,REAL,1
9937,FAKE,0
6660,FAKE,0
6618,FAKE,0
291,REAL,1
5592,FAKE,0
8676,FAKE,0
10107,FAKE,0
3309,REAL,1
1972,REAL,1
6101,FAKE,0
1756,REAL,1
4120,REAL,1
3951,REAL,1
343,REAL,1
5948,FAKE,0
170,REAL,1
685,REAL,1
7674,FAKE,0
1975,REAL,1
8776,FAKE,0
10476,FAKE,0
510,REAL,1
5188,REAL,1
7255,FAKE,0
9367,FAKE,0
3017,REAL,1
8663,FAKE,0
5773,FAKE,0
10143,FAKE,0
276,REAL,1
7908,FAKE,0
3880,REAL,1
2625,REAL,1
3487,REAL,1
3771,REAL,1
7062,FAKE,0
628,REAL,1
3429,REAL,1
5344,FAKE,0
7024,FAKE,0
506,REAL,1
9458,FAKE,0
6192,FAKE,0
5856,FAKE,0
6790,FAKE,0
964,REAL,1
8691,FAKE,0
4486,REAL,1
3324,REAL,1
3572,REAL,1
9396,FAKE,0
367,REAL,1
9171,FAKE,0
10524,FAKE,0
8633,FAKE,0
154,REAL,1
4854,REAL,1
5364,FAKE,0
7861,FAKE,0
2510,REAL,1
1936,REAL,1
887,REAL,1
2971,REAL,1
260,REAL,1
7454,FAKE,0
3521,REAL,1
5097,REAL,1
10031,FAKE,0
6663,FAKE,0
3954,REAL,1
7233,FAKE,0
9158,FAKE,0
3760,REAL,1
7898,FAKE,0
9568,FAKE,0
370,REAL,1
102,REAL,1
4340,REAL,1
3786,REAL,1
606,REAL,1
4471,REAL,1
1450,REAL,1
8230,FAKE,0
2072,REAL,1
8331,FAKE,0
1672,REAL,1
6820,FAKE,0
643,REAL,1
7738,FAKE,0
1663,REAL,1
3051,REAL,1
7694,FAKE,0
2980,REAL,1
7596,FAKE,0
10079,FAKE,0
8689,FAKE,0
9590,FAKE,0
6721,FAKE,0
6295,FAKE,0
4881,REAL,1
7461,FAKE,0
4590,REAL,1
2405,REAL,1
5103,REAL,1
3409,REAL,1
5335,FAKE,0
8449,FAKE,0
4905,REAL,1
6792,FAKE,0
4118,REAL,1
7389,FAKE,0
529,REAL,1
5,REAL,1
7785,FAKE,0
160,REAL,1
3440,REAL,1
947,REAL,1
734,REAL,1
2514,REAL,1
7263,FAKE,0
1577,REAL,1
5266,REAL,1
5909,FAKE,0
1665,REAL,1
5091,REAL,1
3210,REAL,1
8025,FAKE,0
7046,FAKE,0
3570,REAL,1
9737,FAKE,0
6677,FAKE,0
7125,FAKE,0
5979,FAKE,0
8179,FAKE,0
2913,REAL,1
9268,FAKE,0
8494,FAKE,0
5870,FAKE,0
3677,REAL,1
9101,FAKE,0
1595,REAL,1
8097,FAKE,0
9287,FAKE,0
248,REAL,1
9894,FAKE,0
8977,FAKE,0
1498,REAL,1
9747,FAKE,0
3900,REAL,1
807,REAL,1
7601,FAKE,0
8780,FAKE,0
8420,FAKE,0
2202,REAL,1
6566,FAKE,0
4876,REAL,1
8043,FAKE,0
6111,FAKE,0
7620,FAKE,0
2530,REAL,1
5426,FAKE,0
1719,REAL,1
1596,REAL,1
3563,REAL,1
1078,REAL,1
10275,FAKE,0
2695,REAL,1
10013,FAKE,0
7646,FAKE,0
10541,FAKE,0
2152,REAL,1
3029,REAL,1
6644,FAKE,0
773,REAL,1
5959,FAKE,0
9411,FAKE,0
1870,REAL,1
7411,FAKE,0
299,REAL,1
381,REAL,1
2701,REAL,1
3995,REAL,1
178,REAL,1
5917,FAKE,0
1201,REAL,1
8206,FAKE,0
6380,FAKE,0
4439,REAL,1
6428,FAKE,0
10499,FAKE,0
7541,FAKE,0
10251,FAKE,0
7165,FAKE,0
9279,FAKE,0
4898,REAL,1
7593,FAKE,0
10170,FAKE,0
9,REAL,1
5839,FAKE,0
3690,REAL,1
1075,REAL,1
5788,FAKE,0
2179,REAL,1
7812,FAKE,0
6977,FAKE,0
4478,REAL,1
4179,REAL,1
9162,FAKE,0
3801,REAL,1
6406,FAKE,0
6,REAL,1
4362,REAL,1
1193,REAL,1
6238,FAKE,0
4363,REAL,1
5984,FAKE,0
7698,FAKE,0
3776,REAL,1
1385,REAL,1
581,REAL,1
694,REAL,1
7942,FAKE,0
8538,FAKE,0
7416,FAKE,0
2473,REAL,1
1130,REAL,1
5706,FAKE,0
8638,FAKE,0
6265,FAKE,0
9976,FAKE,0
6762,FAKE,0
5541,FAKE,0
3257,REAL,1
7193,FAKE,0
9595,FAKE,0
4221,REAL,1
8078,FAKE,0
2283,REAL,1
6476,FAKE,0
3958,REAL,1
2928,REAL,1
2353,REAL,1
689,REAL,1
1833,REAL,1
8194,FAKE,0
2617,REAL,1
2601,REAL,1
9449,FAKE,0
8717,FAKE,0
4579,REAL,1
9501,FAKE,0
6007,FAKE,0
8132,FAKE,0
7207,FAKE,0
7121,FAKE,0
3258,REAL,1
5912,FAKE,0
6714,FAKE,0
777,REAL,1
7839,FAKE,0
7720,FAKE,0
6050,FAKE,0
1966,REAL,1
4255,REAL,1
8009,FAKE,0
9819,FAKE,0
6206,FAKE,0
293,REAL,1
8804,FAKE,0
4287,REAL,1
9475,FAKE,0
1955,REAL,1
6014,FAKE,0
239,REAL,1
2623,REAL,1
3164,REAL,1
10105,FAKE,0
3330,REAL,1
6615,FAKE,0
8764,FAKE,0
7297,FAKE,0
600,REAL,1
5249,REAL,1
7092,FAKE,0
2489,REAL,1
3412,REAL,1
8704,FAKE,0
4983,REAL,1
4543,REAL,1
4055,REAL,1
2377,REAL,1
5699,FAKE,0
2248,REAL,1
10167,FAKE,0
1669,REAL,1
192,REAL,1
57,REAL,1
9424,FAKE,0
4060,REAL,1
7947,FAKE,0
1082,REAL,1
9228,FAKE,0
1616,REAL,1
8023,FAKE,0
9753,FAKE,0
5880,FAKE,0
1344,REAL,1
10515,FAKE,0
7979,FAKE,0
7921,FAKE,0
8186,FAKE,0
640,REAL,1
5050,REAL,1
3645,REAL,1
6726,FAKE,0
5326,FAKE,0
719,REAL,1
611,REAL,1
8849,FAKE,0
223,REAL,1
5044,REAL,1
9662,FAKE,0
7407,FAKE,0
6005,FAKE,0
401,REAL,1
9033,FAKE,0
5663,FAKE,0
2427,REAL,1
5056,REAL,1
4218,REAL,1
1887,REAL,1
6215,FAKE,0
2779,REAL,1
8592,FAKE,0
4452,REAL,1
9480,FAKE,0
8760,FAKE,0
385,REAL,1
8155,FAKE,0
9345,FAKE,0
1560,REAL,1
2192,REAL,1
7586,FAKE,0
231,REAL,1
7026,FAKE,0
8664,FAKE,0
7912,FAKE,0
7578,FAKE,0
5657,FAKE,0
4396,REAL,1
1615,REAL,1
10147,FAKE,0
3154,REAL,1
9001,FAKE,0
5311,FAKE,0
8089,FAKE,0
9644,FAKE,0
8431,FAKE,0
3516,REAL,1
9354,FAKE,0
8791,FAKE,0
1150,REAL,1
3094,REAL,1
3926,REAL,1
477,REAL,1
4858,REAL,1
8371,FAKE,0
4381,REAL,1
4528,REAL,1
6065,FAKE,0
5767,FAKE,0
9233,FAKE,0
8551,FAKE,0
10126,FAKE,0
8469,FAKE,0
9775,FAKE,0
6275,FAKE,0
7452,FAKE,0
9761,FAKE,0
3986,REAL,1
7945,FAKE,0
6063,FAKE,0
8068,FAKE,0
8104,FAKE,0
1690,REAL,1
8986,FAKE,0
8468,FAKE,0
4569,REAL,1
4237,REAL,1
3353,REAL,1
2308,REAL,1
8628,FAKE,0
9859,FAKE,0
10065,FAKE,0
8169,FAKE,0
2658,REAL,1
5025,REAL,1
4380,REAL,1
3618,REAL,1
7954,FAKE,0
5273,REAL,1
9031,FAKE,0
882,REAL,1
6803,FAKE,0
9657,FAKE,0
6522,FAKE,0
1952,REAL,1
9947,FAKE,0
3606,REAL,1
10296,FAKE,0
10109,FAKE,0
2108,REAL,1
8987,FAKE,0
6842,FAKE,0
9471,FAKE,0
1551,REAL,1
4606,REAL,1
197,REAL,1
7382,FAKE,0
6749,FAKE,0
3987,REAL,1
348,REAL,1
3143,REAL,1
379,REAL,1
3254,REAL,1
8720,FAKE,0
1732,REAL,1
9934,FAKE,0
1116,REAL,1
6343,FAKE,0
7565,FAKE,0
10307,FAKE,0
1611,REAL,1
3681,REAL,1
4586,REAL,1
4524,REAL,1
5819,FAKE,0
9643,FAKE,0
233,REAL,1
5776,FAKE,0
5920,FAKE,0
1140,REAL,1
8044,FAKE,0
455,REAL,1
637,REAL,1
4426,REAL,1
5331,FAKE,0
9313,FAKE,0
6270,FAKE,0
9073,FAKE,0
4536,REAL,1
9869,FAKE,0
1094,REAL,1
2581,REAL,1
918,REAL,1
1915,REAL,1
7096,FAKE,0
2426,REAL,1
130,REAL,1
5710,FAKE,0
7867,FAKE,0
3041,REAL,1
2831,REAL,1
7580,FAKE,0
8400,FAKE,0
10166,FAKE,0
2077,REAL,1
5332,FAKE,0
7735,FAKE,0
2311,REAL,1
9077,FAKE,0
1176,REAL,1
2744,REAL,1
5732,FAKE,0
487,REAL,1
10088,FAKE,0
9908,FAKE,0
3637,REAL,1
4441,REAL,1
3211,REAL,1
1179,REAL,1
7515,FAKE,0
5855,FAKE,0
3246,REAL,1
375,REAL,1
7852,FAKE,0
9194,FAKE,0
3574,REAL,1
8753,FAKE,0
5985,FAKE,0
4813,REAL,1
9181,FAKE,0
512,REAL,1
3863,REAL,1
6377,FAKE,0
3150,REAL,1
2106,REAL,1
2758,REAL,1
7542,FAKE,0
4228,REAL,1
362,REAL,1
2557,REAL,1
4316,REAL,1
8274,FAKE,0
6906,FAKE,0
2880,REAL,1
10492,FAKE,0
517,REAL,1
4291,REAL,1
2942,REAL,1
5475,FAKE,0
1431,REAL,1
2259,REAL,1
4091,REAL,1
1278,REAL,1
1631,REAL,1
4539,REAL,1
3652,REAL,1
1107,REAL,1
5483,FAKE,0
8973,FAKE,0
10469,FAKE,0
2869,REAL,1
9392,FAKE,0
613,REAL,1
2674,REAL,1
6793,FAKE,0
5286,FAKE,0
4385,REAL,1
4324,REAL,1
3704,REAL,1
7380,FAKE,0
1299,REAL,1
5138,REAL,1
9777,FAKE,0
633,REAL,1
7488,FAKE,0
7791,FAKE,0
4015,REAL,1
7990,FAKE,0
3743,REAL,1
3977,REAL,1
10341,FAKE,0
7249,FAKE,0
1010,REAL,1
443,REAL,1
9979,FAKE,0
5127,REAL,1
3354,REAL,1
8455,FAKE,0
9139,FAKE,0
4815,REAL,1
4879,REAL,1
5067,REAL,1
4961,REAL,1
1051,REAL,1
8182,FAKE,0
10323,FAKE,0
7022,FAKE,0
3971,REAL,1
1714,REAL,1
9857,FAKE,0
10138,FAKE,0
4344,REAL,1
5219,REAL,1
1711,REAL,1
7032,FAKE,0
5554,FAKE,0
4349,REAL,1
4024,REAL,1
6778,FAKE,0
9309,FAKE,0
323,REAL,1
2278,REAL,1
706,REAL,1
951,REAL,1
6912,FAKE,0
1729,REAL,1
4937,REAL,1
2780,REAL,1
6795,FAKE,0
1050,REAL,1
2533,REAL,1
603,REAL,1
3782,REAL,1
3444,REAL,1
2252,REAL,1
717,REAL,1
7768,FAKE,0
8055,FAKE,0
10271,FAKE,0
1087,REAL,1
9867,FAKE,0
1071,REAL,1
8007,FAKE,0
1805,REAL,1
4264,REAL,1
8915,FAKE,0
10496,FAKE,0
5631,FAKE,0
3114,REAL,1
8372,FAKE,0
2653,REAL,1
5358,FAKE,0
9254,FAKE,0
2882,REAL,1
6032,FAKE,0
9587,FAKE,0
1238,REAL,1
5600,FAKE,0
5987,FAKE,0
1927,REAL,1
3093,REAL,1
9057,FAKE,0
8739,FAKE,0
4166,REAL,1
2954,REAL,1
5576,FAKE,0
815,REAL,1
4848,REAL,1
6264,FAKE,0
1216,REAL,1
6359,FAKE,0
8125,FAKE,0
3268,REAL,1
1701,REAL,1
1285,REAL,1
10283,FAKE,0
5630,FAKE,0
4297,REAL,1
363,REAL,1
2295,REAL,1
3969,REAL,1
7315,FAKE,0
8383,FAKE,0
8220,FAKE,0
4485,REAL,1
5141,REAL,1
1617,REAL,1
288,REAL,1
3605,REAL,1
3601,REAL,1
8683,FAKE,0
9103,FAKE,0
7681,FAKE,0
2044,REAL,1
1697,REAL,1
10219,FAKE,0
8105,FAKE,0
3005,REAL,1
7501,FAKE,0
9061,FAKE,0
3754,REAL,1
1660,REAL,1
2692,REAL,1
2665,REAL,1
1810,REAL,1
8518,FAKE,0
6027,FAKE,0
9892,FAKE,0
999,REAL,1
877,REAL,1
8591,FAKE,0
8751,FAKE,0
7886,FAKE,0
3980,REAL,1
7111,FAKE,0
9812,FAKE,0
134,REAL,1
2901,REAL,1
1103,REAL,1
169,REAL,1
358,REAL,1
9943,FAKE,0
6981,FAKE,0
10193,FAKE,0
8823,FAKE,0
9146,FAKE,0
1349,REAL,1
1565,REAL,1
881,REAL,1
2406,REAL,1
7072,FAKE,0
2858,REAL,1
2853,REAL,1
1505,REAL,1
9204,FAKE,0
2488,REAL,1
1628,REAL,1
2103,REAL,1
10129,FAKE,0
10274,FAKE,0
5148,REAL,1
9715,FAKE,0
236,REAL,1
9028,FAKE,0
1839,REAL,1
7573,FAKE,0
6914,FAKE,0
5049,REAL,1
8162,FAKE,0
1508,REAL,1
8346,FAKE,0
9035,FAKE,0
4537,REAL,1
9527,FAKE,0
5636,FAKE,0
5739,FAKE,0
5043,REAL,1
4985,REAL,1
1781,REAL,1
8903,FAKE,0
9188,FAKE,0
3180,REAL,1
167,REAL,1
6786,FAKE,0
10272,FAKE,0
5319,FAKE,0
684,REAL,1
9847,FAKE,0
9388,FAKE,0
1114,REAL,1
7098,FAKE,0
1037,REAL,1
9629,FAKE,0
5747,FAKE,0
2715,REAL,1
2000,REAL,1
5810,FAKE,0
4200,REAL,1
2704,REAL,1
8905,FAKE,0
8321,FAKE,0
2896,REAL,1
6620,FAKE,0
4437,REAL,1
3243,REAL,1
8543,FAKE,0
7192,FAKE,0
3161,REAL,1
3323,REAL,1
6874,FAKE,0
3414,REAL,1
8822,FAKE,0
8885,FAKE,0
856,REAL,1
8153,FAKE,0
9046,FAKE,0
7067,FAKE,0
3421,REAL,1
1919,REAL,1
281,REAL,1
6060,FAKE,0
869,REAL,1
3939,REAL,1
8721,FAKE,0
2341,REAL,1
8745,FAKE,0
8173,FAKE,0
7465,FAKE,0
8761,FAKE,0
8064,FAKE,0
7930,FAKE,0
2110,REAL,1
5371,FAKE,0
7226,FAKE,0
4428,REAL,1
128,REAL,1
1392,REAL,1
1931,REAL,1
2963,REAL,1
4326,REAL,1
5041,REAL,1
8028,FAKE,0
7028,FAKE,0
8863,FAKE,0
8341,FAKE,0
784,REAL,1
1427,REAL,1
3273,REAL,1
6013,FAKE,0
8912,FAKE,0
3194,REAL,1
7706,FAKE,0
5243,REAL,1
1269,REAL,1
3781,REAL,1
3253,REAL,1
4875,REAL,1
7359,FAKE,0
8175,FAKE,0
916,REAL,1
6661,FAKE,0
2983,REAL,1
10236,FAKE,0
8466,FAKE,0
5527,FAKE,0
1313,REAL,1
4568,REAL,1
2059,REAL,1
2753,REAL,1
5715,FAKE,0
9117,FAKE,0
3823,REAL,1
4446,REAL,1
6643,FAKE,0
2761,REAL,1
7420,FAKE,0
7219,FAKE,0
7989,FAKE,0
4190,REAL,1
1380,REAL,1
4934,REAL,1
1816,REAL,1
2437,REAL,1
8502,FAKE,0
24,REAL,1
5486,FAKE,0
844,REAL,1
3819,REAL,1
10489,FAKE,0
3928,REAL,1
6834,FAKE,0
6812,FAKE,0
1409,REAL,1
4244,REAL,1
8037,FAKE,0
5779,FAKE,0
6532,FAKE,0
4540,REAL,1
6761,FAKE,0
4605,REAL,1
1963,REAL,1
1959,REAL,1
10216,FAKE,0
9684,FAKE,0
836,REAL,1
4423,REAL,1
788,REAL,1
10004,FAKE,0
7087,FAKE,0
2635,REAL,1
9607,FAKE,0
6204,FAKE,0
3686,REAL,1
6733,FAKE,0
8561,FAKE,0
2711,REAL,1
525,REAL,1
7152,FAKE,0
6098,FAKE,0
3706,REAL,1
7502,FAKE,0
8325,FAKE,0
3190,REAL,1
9731,FAKE,0
4257,REAL,1
7803,FAKE,0
47,REAL,1
6835,FAKE,0
2284,REAL,1
9075,FAKE,0
1655,REAL,1
3901,REAL,1
9909,FAKE,0
9770,FAKE,0
1214,REAL,1
435,REAL,1
9081,FAKE,0
2664,REAL,1
7809,FAKE,0
10145,FAKE,0
2203,REAL,1
6519,FAKE,0
1033,REAL,1
7751,FAKE,0
8010,FAKE,0
505,REAL,1
10343,FAKE,0
1434,REAL,1
2585,REAL,1
34,REAL,1
8777,FAKE,0
3496,REAL,1
1156,REAL,1
619,REAL,1
5101,REAL,1
3238,REAL,1
7882,FAKE,0
4656,REAL,1
4593,REAL,1
183,REAL,1
9100,FAKE,0
4953,REAL,1
1151,REAL,1
9056,FAKE,0
5770,FAKE,0
18,REAL,1
1351,REAL,1
5684,FAKE,0
3944,REAL,1
7357,FAKE,0
3285,REAL,1
4760,REAL,1
1265,REAL,1
1939,REAL,1
7545,FAKE,0
4308,REAL,1
432,REAL,1
4065,REAL,1
842,REAL,1
8066,FAKE,0
1668,REAL,1
4491,REAL,1
8352,FAKE,0
4583,REAL,1
6120,FAKE,0
5392,FAKE,0
692,REAL,1
9531,FAKE,0
4787,REAL,1
2382,REAL,1
10390,FAKE,0
6670,FAKE,0
1566,REAL,1
5500,FAKE,0
9184,FAKE,0
4146,REAL,1
2404,REAL,1
2626,REAL,1
8276,FAKE,0
588,REAL,1
8423,FAKE,0
496,REAL,1
9936,FAKE,0
8012,FAKE,0
4142,REAL,1
7378,FAKE,0
5241,REAL,1
5175,REAL,1
4293,REAL,1
3278,REAL,1
3438,REAL,1
7634,FAKE,0
9222,FAKE,0
9058,FAKE,0
726,REAL,1
8896,FAKE,0
9762,FAKE,0
2724,REAL,1
4695,REAL,1
4824,REAL,1
93,REAL,1
5292,FAKE,0
1645,REAL,1
7903,FAKE,0
8911,FAKE,0
6002,FAKE,0
3522,REAL,1
5359,FAKE,0
342,REAL,1
3783,REAL,1
5951,FAKE,0
5705,FAKE,0
9301,FAKE,0
7550,FAKE,0
4230,REAL,1
2263,REAL,1
3281,REAL,1
7059,FAKE,0
3152,REAL,1
7598,FAKE,0
1582,REAL,1
2523,REAL,1
7178,FAKE,0
6529,FAKE,0
8109,FAKE,0
403,REAL,1
3418,REAL,1
3457,REAL,1
2182,REAL,1
2362,REAL,1
1405,REAL,1
1586,REAL,1
4473,REAL,1
2347,REAL,1
6806,FAKE,0
10377,FAKE,0
2919,REAL,1
7126,FAKE,0
6570,FAKE,0
4302,REAL,1
7988,FAKE,0
1306,REAL,1
10393,FAKE,0
4990,REAL,1
1217,REAL,1
5459,FAKE,0
6881,FAKE,0
2824,REAL,1
8267,FAKE,0
5507,FAKE,0
5493,FAKE,0
991,REAL,1
6217,FAKE,0
2223,REAL,1
1229,REAL,1
1023,REAL,1
5894,FAKE,0
4011,REAL,1
3509,REAL,1
10286,FAKE,0
9197,FAKE,0
7473,FAKE,0
6266,FAKE,0
9944,FAKE,0
9840,FAKE,0
1716,REAL,1
840,REAL,1
8953,FAKE,0
5887,FAKE,0
2082,REAL,1
7144,FAKE,0
5741,FAKE,0
3219,REAL,1
8402,FAKE,0
1924,REAL,1
9692,FAKE,0
3580,REAL,1
4697,REAL,1
4928,REAL,1
9971,FAKE,0
1315,REAL,1
9235,FAKE,0
3963,REAL,1
6375,FAKE,0
9704,FAKE,0
6994,FAKE,0
1366,REAL,1
6681,FAKE,0
7668,FAKE,0
5143,REAL,1
6755,FAKE,0
6117,FAKE,0
4791,REAL,1
8650,FAKE,0
680,REAL,1
9703,FAKE,0
6486,FAKE,0
4900,REAL,1
9454,FAKE,0
1942,REAL,1
8924,FAKE,0
10474,FAKE,0
6458,FAKE,0
7949,FAKE,0
716,REAL,1
3153,REAL,1
647,REAL,1
6548,FAKE,0
4334,REAL,1
1769,REAL,1
117,REAL,1
6647,FAKE,0
196,REAL,1
1548,REAL,1
9334,FAKE,0
5259,REAL,1
6709,FAKE,0
566,REAL,1
7797,FAKE,0
6645,FAKE,0
339,REAL,1
10514,FAKE,0
3321,REAL,1
10149,FAKE,0
4339,REAL,1
5883,FAKE,0
3832,REAL,1
572,REAL,1
8775,FAKE,0
1125,REAL,1
4131,REAL,1
3840,REAL,1
7696,FAKE,0
2255,REAL,1
5367,FAKE,0
3689,REAL,1
8829,FAKE,0
3063,REAL,1
1547,REAL,1
9025,FAKE,0
4271,REAL,1
4183,REAL,1
4160,REAL,1
7678,FAKE,0
1397,REAL,1
5730,FAKE,0
10425,FAKE,0
6624,FAKE,0
8457,FAKE,0
4864,REAL,1
6274,FAKE,0
9356,FAKE,0
6902,FAKE,0
9743,FAKE,0
3289,REAL,1
407,REAL,1
6765,FAKE,0
6097,FAKE,0
10057,FAKE,0
1853,REAL,1
950,REAL,1
8701,FAKE,0
1708,REAL,1
2051,REAL,1
9500,FAKE,0
8027,FAKE,0
8545,FAKE,0
136,REAL,1
7208,FAKE,0
8799,FAKE,0
3990,REAL,1
8748,FAKE,0
10135,FAKE,0
2008,REAL,1
9893,FAKE,0
9113,FAKE,0
7441,FAKE,0
7211,FAKE,0
5066,REAL,1
3639,REAL,1
8191,FAKE,0
6280,FAKE,0
2833,REAL,1
3478,REAL,1
5222,REAL,1
1250,REAL,1
6252,FAKE,0
855,REAL,1
9273,FAKE,0
6625,FAKE,0
5934,FAKE,0
6717,FAKE,0
10234,FAKE,0
9206,FAKE,0
10269,FAKE,0
6400,FAKE,0
1223,REAL,1
8530,FAKE,0
7755,FAKE,0
3590,REAL,1
10187,FAKE,0
3898,REAL,1
2816,REAL,1
883,REAL,1
3671,REAL,1
8845,FAKE,0
2502,REAL,1
7153,FAKE,0
3117,REAL,1
3834,REAL,1
9875,FAKE,0
4109,REAL,1
7660,FAKE,0
3884,REAL,1
9884,FAKE,0
4599,REAL,1
5347,FAKE,0
5048,REAL,1
80,REAL,1
9393,FAKE,0
4033,REAL,1
2195,REAL,1
8942,FAKE,0
6919,FAKE,0
9584,FAKE,0
8508,FAKE,0
63,REAL,1
2323,REAL,1
2367,REAL,1
4259,REAL,1
4972,REAL,1
294,REAL,1
2657,REAL,1
9853,FAKE,0
8920,FAKE,0
6927,FAKE,0
8260,FAKE,0
686,REAL,1
3514,REAL,1
7848,FAKE,0
8708,FAKE,0
5519,FAKE,0
2815,REAL,1
9628,FAKE,0
4062,REAL,1
5099,REAL,1
2161,REAL,1
7312,FAKE,0
2554,REAL,1
7605,FAKE,0
8051,FAKE,0
2542,REAL,1
3373,REAL,1
9410,FAKE,0
7360,FAKE,0
2116,REAL,1
2654,REAL,1
5119,REAL,1
355,REAL,1
1339,REAL,1
8378,FAKE,0
5068,REAL,1
6597,FAKE,0
7467,FAKE,0
5822,FAKE,0
4729,REAL,1
1588,REAL,1
4722,REAL,1
7838,FAKE,0
531,REAL,1
4931,REAL,1
2943,REAL,1
3953,REAL,1
1922,REAL,1
2485,REAL,1
3642,REAL,1
6289,FAKE,0
9734,FAKE,0
9664,FAKE,0
9755,FAKE,0
2074,REAL,1
2577,REAL,1
9383,FAKE,0
5905,FAKE,0
8513,FAKE,0
7229,FAKE,0
4150,REAL,1
6104,FAKE,0
6657,FAKE,0
3791,REAL,1
10268,FAKE,0
5529,FAKE,0
8248,FAKE,0
6788,FAKE,0
3670,REAL,1
9667,FAKE,0
6157,FAKE,0
6667,FAKE,0
2639,REAL,1
1060,REAL,1
5777,FAKE,0
468,REAL,1
8360,FAKE,0
526,REAL,1
5624,FAKE,0
4971,REAL,1
1288,REAL,1
2242,REAL,1
5458,FAKE,0
5256,REAL,1
10355,FAKE,0
5442,FAKE,0
1439,REAL,1
2528,REAL,1
1331,REAL,1
4162,REAL,1
9450,FAKE,0
1913,REAL,1
4700,REAL,1
2676,REAL,1
5216,REAL,1
9802,FAKE,0
720,REAL,1
21,REAL,1
6669,FAKE,0
4551,REAL,1
9072,FAKE,0
6024,FAKE,0
789,REAL,1
3372,REAL,1
2363,REAL,1
5807,FAKE,0
8669,FAKE,0
2464,REAL,1
5228,REAL,1
5774,FAKE,0
7883,FAKE,0
6207,FAKE,0
7626,FAKE,0
1526,REAL,1
5151,REAL,1
5375,FAKE,0
9891,FAKE,0
9191,FAKE,0
9958,FAKE,0
4203,REAL,1
2300,REAL,1
9746,FAKE,0
2997,REAL,1
8834,FAKE,0
2151,REAL,1
2169,REAL,1
10164,FAKE,0
3056,REAL,1
8238,FAKE,0
7262,FAKE,0
1634,REAL,1
10416,FAKE,0
10020,FAKE,0
1943,REAL,1
5452,FAKE,0
10192,FAKE,0
1762,REAL,1
6260,FAKE,0
1976,REAL,1
4585,REAL,1
5745,FAKE,0
8670,FAKE,0
845,REAL,1
9688,FAKE,0
222,REAL,1
4300,REAL,1
5646,FAKE,0
6542,FAKE,0
9321,FAKE,0
4602,REAL,1
8237,FAKE,0
5543,FAKE,0
3132,REAL,1
8707,FAKE,0
5999,FAKE,0
8079,FAKE,0
6073,FAKE,0
119,REAL,1
6019,FAKE,0
2399,REAL,1
5852,FAKE,0
6138,FAKE,0
5421,FAKE,0
9343,FAKE,0
8660,FAKE,0
1043,REAL,1
1620,REAL,1
6188,FAKE,0
4276,REAL,1
7527,FAKE,0
3960,REAL,1
1356,REAL,1
6230,FAKE,0
928,REAL,1
2194,REAL,1
5250,REAL,1
7346,FAKE,0
6434,FAKE,0
4671,REAL,1
6467,FAKE,0
1878,REAL,1
1525,REAL,1
5662,FAKE,0
4265,REAL,1
771,REAL,1
5427,FAKE,0
161,REAL,1
4083,REAL,1
9305,FAKE,0
6072,FAKE,0
7551,FAKE,0
8754,FAKE,0
5154,REAL,1
9170,FAKE,0
3894,REAL,1
8344,FAKE,0
8656,FAKE,0
749,REAL,1
9488,FAKE,0
2412,REAL,1
7800,FAKE,0
9719,FAKE,0
3659,REAL,1
513,REAL,1
4859,REAL,1
9351,FAKE,0
9600,FAKE,0
5248,REAL,1
2851,REAL,1
5915,FAKE,0
10209,FAKE,0
4453,REAL,1
8035,FAKE,0
5213,REAL,1
4762,REAL,1
7664,FAKE,0
5461,FAKE,0
2267,REAL,1
793,REAL,1
2923,REAL,1
6419,FAKE,0
10409,FAKE,0
5825,FAKE,0
5014,REAL,1
1778,REAL,1
5605,FAKE,0
4269,REAL,1
9213,FAKE,0
921,REAL,1
9879,FAKE,0
4895,REAL,1
655,REAL,1
2024,REAL,1
10098,FAKE,0
866,REAL,1
3009,REAL,1
1213,REAL,1
7442,FAKE,0
4782,REAL,1
2698,REAL,1
8718,FAKE,0
1090,REAL,1
7197,FAKE,0
627,REAL,1
8679,FAKE,0
4481,REAL,1
8091,FAKE,0
3269,REAL,1
9955,FAKE,0
6631,FAKE,0
4496,REAL,1
8277,FAKE,0
8137,FAKE,0
1099,REAL,1
6543,FAKE,0
1808,REAL,1
44,REAL,1
10189,FAKE,0
8268,FAKE,0
2531,REAL,1
7397,FAKE,0
3775,REAL,1
3613,REAL,1
8386,FAKE,0
2286,REAL,1
5609,FAKE,0
3619,REAL,1
10484,FAKE,0
4792,REAL,1
2472,REAL,1
10317,FAKE,0
5765,FAKE,0
1591,REAL,1
5395,FAKE,0
699,REAL,1
5072,REAL,1
10288,FAKE,0
7687,FAKE,0
1998,REAL,1
1621,REAL,1
5301,FAKE,0
100,REAL,1
7798,FAKE,0
2985,REAL,1
10281,FAKE,0
1028,REAL,1
4448,REAL,1
3765,REAL,1
4254,REAL,1
1340,REAL,1
4947,REAL,1
9694,FAKE,0
6067,FAKE,0
270,REAL,1
234,REAL,1
3505,REAL,1
1949,REAL,1
3235,REAL,1
2900,REAL,1
8932,FAKE,0
623,REAL,1
9609,FAKE,0
6738,FAKE,0
4840,REAL,1
8926,FAKE,0
5857,FAKE,0
2361,REAL,1
4394,REAL,1
354,REAL,1
6500,FAKE,0
7265,FAKE,0
307,REAL,1
4374,REAL,1
3624,REAL,1
9907,FAKE,0
8014,FAKE,0
110,REAL,1
7428,FAKE,0
10287,FAKE,0
2175,REAL,1
272,REAL,1
8563,FAKE,0
8334,FAKE,0
2048,REAL,1
1751,REAL,1
7350,FAKE,0
5362,FAKE,0
1643,REAL,1
8016,FAKE,0
6876,FAKE,0
2540,REAL,1
4256,REAL,1
4660,REAL,1
4075,REAL,1
8921,FAKE,0
1818,REAL,1
3696,REAL,1
1614,REAL,1
10091,FAKE,0
4768,REAL,1
140,REAL,1
3193,REAL,1
3564,REAL,1
5457,FAKE,0
1352,REAL,1
10419,FAKE,0
8240,FAKE,0
2158,REAL,1
5433,FAKE,0
10006,FAKE,0
9985,FAKE,0
2729,REAL,1
8217,FAKE,0
1715,REAL,1
2773,REAL,1
3733,REAL,1
2722,REAL,1
1161,REAL,1
683,REAL,1
7548,FAKE,0
481,REAL,1
1917,REAL,1
10258,FAKE,0
3141,REAL,1
7650,FAKE,0
1021,REAL,1
10452,FAKE,0
1358,REAL,1
9288,FAKE,0
79,REAL,1
5676,FAKE,0
8532,FAKE,0
6268,FAKE,0
4659,REAL,1
1549,REAL,1
6322,FAKE,0
4912,REAL,1
5052,REAL,1
6757,FAKE,0
1384,REAL,1
7845,FAKE,0
4685,REAL,1
3810,REAL,1
5946,FAKE,0
8161,FAKE,0
2326,REAL,1
3692,REAL,1
4450,REAL,1
4002,REAL,1
6409,FAKE,0
298,REAL,1
1225,REAL,1
919,REAL,1
9415,FAKE,0
3128,REAL,1
7328,FAKE,0
9900,FAKE,0
3175,REAL,1
2655,REAL,1
1561,REAL,1
5949,FAKE,0
1720,REAL,1
1618,REAL,1
2244,REAL,1
2648,REAL,1
7857,FAKE,0
5139,REAL,1
7495,FAKE,0
796,REAL,1
7451,FAKE,0
9916,FAKE,0
4560,REAL,1
9368,FAKE,0
2738,REAL,1
3109,REAL,1
4383,REAL,1
8687,FAKE,0
320,REAL,1
1319,REAL,1
4940,REAL,1
8381,FAKE,0
7369,FAKE,0
3842,REAL,1
3151,REAL,1
2826,REAL,1
7528,FAKE,0
3232,REAL,1
1914,REAL,1
6764,FAKE,0
4280,REAL,1
1198,REAL,1
6064,FAKE,0
5368,FAKE,0
6054,FAKE,0
675,REAL,1
3562,REAL,1
4278,REAL,1
3055,REAL,1
2862,REAL,1
9012,FAKE,0
5079,REAL,1
4231,REAL,1
6321,FAKE,0
3935,REAL,1
695,REAL,1
1840,REAL,1
1982,REAL,1
201,REAL,1
6147,FAKE,0
2104,REAL,1
3527,REAL,1
4443,REAL,1
7581,FAKE,0
2372,REAL,1
6112,FAKE,0
2958,REAL,1
9446,FAKE,0
1440,REAL,1
7497,FAKE,0
9274,FAKE,0
4684,REAL,1
8477,FAKE,0
3184,REAL,1
2887,REAL,1
2610,REAL,1
2288,REAL,1
412,REAL,1
6068,FAKE,0
1673,REAL,1
1458,REAL,1
9989,FAKE,0
3387,REAL,1
3294,REAL,1
4954,REAL,1
3728,REAL,1
9632,FAKE,0
7048,FAKE,0
9070,FAKE,0
9157,FAKE,0
6392,FAKE,0
9668,FAKE,0
3907,REAL,1
8221,FAKE,0
7071,FAKE,0
4025,REAL,1
2067,REAL,1
1371,REAL,1
10344,FAKE,0
1926,REAL,1
7657,FAKE,0
9800,FAKE,0
6599,FAKE,0
8588,FAKE,0
2535,REAL,1
9972,FAKE,0
2466,REAL,1
5158,REAL,1
8557,FAKE,0
2282,REAL,1
5053,REAL,1
1515,REAL,1
4445,REAL,1
2315,REAL,1
6454,FAKE,0
4213,REAL,1
372,REAL,1
826,REAL,1
54,REAL,1
8020,FAKE,0
4022,REAL,1
3407,REAL,1
6544,FAKE,0
9267,FAKE,0
8758,FAKE,0
2238,REAL,1
4678,REAL,1
10297,FAKE,0
5460,FAKE,0
8351,FAKE,0
5809,FAKE,0
8441,FAKE,0
3874,REAL,1
592,REAL,1
2605,REAL,1
8184,FAKE,0
6734,FAKE,0
2331,REAL,1
9018,FAKE,0
6330,FAKE,0
4505,REAL,1
7424,FAKE,0
1512,REAL,1
3820,REAL,1
4382,REAL,1
1425,REAL,1
6732,FAKE,0
2213,REAL,1
6705,FAKE,0
7603,FAKE,0
7980,FAKE,0
1123,REAL,1
9954,FAKE,0
9371,FAKE,0
7690,FAKE,0
8148,FAKE,0
5975,FAKE,0
10473,FAKE,0
10540,FAKE,0
4168,REAL,1
4279,REAL,1
2465,REAL,1
1492,REAL,1
6604,FAKE,0
6386,FAKE,0
6805,FAKE,0
8972,FAKE,0
10533,FAKE,0
9992,FAKE,0
4187,REAL,1
870,REAL,1
7031,FAKE,0
2904,REAL,1
4887,REAL,1
4338,REAL,1
2176,REAL,1
7843,FAKE,0
75,REAL,1
2647,REAL,1
3983,REAL,1
6402,FAKE,0
9690,FAKE,0
7213,FAKE,0
7821,FAKE,0
3966,REAL,1
4924,REAL,1
2396,REAL,1
7164,FAKE,0
352,REAL,1
7284,FAKE,0
1550,REAL,1
4182,REAL,1
3989,REAL,1
1925,REAL,1
7112,FAKE,0
2428,REAL,1
9047,FAKE,0
6578,FAKE,0
1961,REAL,1
3929,REAL,1
8990,FAKE,0
4314,REAL,1
4785,REAL,1
3822,REAL,1
4521,REAL,1
2967,REAL,1
6296,FAKE,0
1373,REAL,1
9484,FAKE,0
10078,FAKE,0
3260,REAL,1
9642,FAKE,0
10058,FAKE,0
8490,FAKE,0
897,REAL,1
6134,FAKE,0
1355,REAL,1
1148,REAL,1
4312,REAL,1
8677,FAKE,0
3359,REAL,1
2559,REAL,1
10038,FAKE,0
9583,FAKE,0
9478,FAKE,0
6334,FAKE,0
5263,REAL,1
5882,FAKE,0
1603,REAL,1
9144,FAKE,0
862,REAL,1
8747,FAKE,0
5160,REAL,1
7386,FAKE,0
4185,REAL,1
4835,REAL,1
10068,FAKE,0
10053,FAKE,0
8222,FAKE,0
803,REAL,1
6610,FAKE,0
5423,FAKE,0
9085,FAKE,0
1491,REAL,1
816,REAL,1
503,REAL,1
785,REAL,1
2440,REAL,1
8243,FAKE,0
2721,REAL,1
3092,REAL,1
2793,REAL,1
6512,FAKE,0
7083,FAKE,0
6796,FAKE,0
7805,FAKE,0
2686,REAL,1
9987,FAKE,0
5789,FAKE,0
7825,FAKE,0
3538,REAL,1
6363,FAKE,0
4205,REAL,1
6875,FAKE,0
3307,REAL,1
1953,REAL,1
8818,FAKE,0
5446,FAKE,0
9931,FAKE,0
4827,REAL,1
3430,REAL,1
6853,FAKE,0
6349,FAKE,0
7034,FAKE,0
3528,REAL,1
2972,REAL,1
4085,REAL,1
2741,REAL,1
6263,FAKE,0
2026,REAL,1
9312,FAKE,0
6526,FAKE,0
6571,FAKE,0
4018,REAL,1
3131,REAL,1
8698,FAKE,0
7830,FAKE,0
9782,FAKE,0
6553,FAKE,0
571,REAL,1
3722,REAL,1
4584,REAL,1
4198,REAL,1
5095,REAL,1
2854,REAL,1
2079,REAL,1
3350,REAL,1
6976,FAKE,0
8634,FAKE,0
7003,FAKE,0
6844,FAKE,0
2663,REAL,1
3061,REAL,1
8185,FAKE,0
4103,REAL,1
598,REAL,1
2550,REAL,1
6592,FAKE,0
948,REAL,1
6453,FAKE,0
7816,FAKE,0
4975,REAL,1
7792,FAKE,0
3183,REAL,1
1852,REAL,1
827,REAL,1
2737,REAL,1
5290,FAKE,0
2287,REAL,1
6121,FAKE,0
1501,REAL,1
9517,FAKE,0
8281,FAKE,0
1035,REAL,1
5150,REAL,1
3861,REAL,1
3227,REAL,1
9399,FAKE,0
8298,FAKE,0
1608,REAL,1
4814,REAL,1
2612,REAL,1
113,REAL,1
9858,FAKE,0
103,REAL,1
227,REAL,1
1207,REAL,1
8937,FAKE,0
2726,REAL,1
4139,REAL,1
615,REAL,1
10173,FAKE,0
6892,FAKE,0
4643,REAL,1
2895,REAL,1
9363,FAKE,0
1794,REAL,1
5820,FAKE,0
1263,REAL,1
7020,FAKE,0
8609,FAKE,0
10384,FAKE,0
3214,REAL,1
7002,FAKE,0
1843,REAL,1
7055,FAKE,0
6047,FAKE,0
7602,FAKE,0
5447,FAKE,0
10339,FAKE,0
1001,REAL,1
6411,FAKE,0
8890,FAKE,0
1104,REAL,1
7446,FAKE,0
3451,REAL,1
9596,FAKE,0
6781,FAKE,0
9178,FAKE,0
5047,REAL,1
4664,REAL,1
7574,FAKE,0
4757,REAL,1
10139,FAKE,0
2881,REAL,1
1528,REAL,1
990,REAL,1
8783,FAKE,0
2962,REAL,1
5449,FAKE,0
218,REAL,1
10156,FAKE,0
10433,FAKE,0
3233,REAL,1
6727,FAKE,0
8856,FAKE,0
4501,REAL,1
5668,FAKE,0
10263,FAKE,0
6799,FAKE,0
1946,REAL,1
6840,FAKE,0
4005,REAL,1
8406,FAKE,0
1309,REAL,1
2774,REAL,1
7076,FAKE,0
10155,FAKE,0
5795,FAKE,0
2662,REAL,1
6156,FAKE,0
2607,REAL,1
4329,REAL,1
4172,REAL,1
6614,FAKE,0
1899,REAL,1
7546,FAKE,0
2247,REAL,1
10361,FAKE,0
6836,FAKE,0
1029,REAL,1
2030,REAL,1
2207,REAL,1
6967,FAKE,0
202,REAL,1
9538,FAKE,0
5961,FAKE,0
9752,FAKE,0
7117,FAKE,0
6161,FAKE,0
2504,REAL,1
9466,FAKE,0
8271,FAKE,0
6596,FAKE,0
8170,FAKE,0
3216,REAL,1
4201,REAL,1
4192,REAL,1
9850,FAKE,0
3598,REAL,1
10244,FAKE,0
5837,FAKE,0
2787,REAL,1
9229,FAKE,0
8556,FAKE,0
2966,REAL,1
1433,REAL,1
328,REAL,1
4723,REAL,1
7927,FAKE,0
802,REAL,1
1026,REAL,1
1459,REAL,1
5366,FAKE,0
9673,FAKE,0
10498,FAKE,0
2439,REAL,1
864,REAL,1
4128,REAL,1
662,REAL,1
8430,FAKE,0
1220,REAL,1
9624,FAKE,0
8211,FAKE,0
4099,REAL,1
878,REAL,1
5304,FAKE,0
92,REAL,1
1545,REAL,1
3517,REAL,1
10414,FAKE,0
6109,FAKE,0
6456,FAKE,0
7431,FAKE,0
9078,FAKE,0
8054,FAKE,0
5252,REAL,1
219,REAL,1
10223,FAKE,0
6802,FAKE,0
6951,FAKE,0
3003,REAL,1
6855,FAKE,0
3548,REAL,1
2050,REAL,1
4210,REAL,1
8128,FAKE,0
4414,REAL,1
8825,FAKE,0
3159,REAL,1
6388,FAKE,0
4638,REAL,1
5094,REAL,1
3223,REAL,1
3049,REAL,1
9536,FAKE,0
7081,FAKE,0
8901,FAKE,0
6219,FAKE,0
6126,FAKE,0
8063,FAKE,0
935,REAL,1
5618,FAKE,0
6084,FAKE,0
9790,FAKE,0
8962,FAKE,0
1623,REAL,1
3385,REAL,1
2861,REAL,1
1774,REAL,1
10308,FAKE,0
8408,FAKE,0
3250,REAL,1
817,REAL,1
6440,FAKE,0
10210,FAKE,0
4720,REAL,1
9042,FAKE,0
9389,FAKE,0
8117,FAKE,0
5469,FAKE,0
6110,FAKE,0
8916,FAKE,0
6412,FAKE,0
10547,FAKE,0
3200,REAL,1
5221,REAL,1
4626,REAL,1
2996,REAL,1
5957,FAKE,0
1649,REAL,1
3416,REAL,1
3802,REAL,1
6885,FAKE,0
1145,REAL,1
5478,FAKE,0
4069,REAL,1
6819,FAKE,0
3853,REAL,1
7179,FAKE,0
8163,FAKE,0
6666,FAKE,0
1396,REAL,1
9540,FAKE,0
2959,REAL,1
9539,FAKE,0
361,REAL,1
1122,REAL,1
10070,FAKE,0
1821,REAL,1
10175,FAKE,0
2423,REAL,1
5242,REAL,1
3738,REAL,1
2745,REAL,1
523,REAL,1
5381,FAKE,0
2007,REAL,1
9706,FAKE,0
3571,REAL,1
1170,REAL,1
9914,FAKE,0
7611,FAKE,0
9712,FAKE,0
8419,FAKE,0
10387,FAKE,0
8619,FAKE,0
1074,REAL,1
9637,FAKE,0
7129,FAKE,0
10543,FAKE,0
10526,FAKE,0
6239,FAKE,0
3121,REAL,1
5968,FAKE,0
4206,REAL,1
10102,FAKE,0
6776,FAKE,0
3714,REAL,1
5794,FAKE,0
7977,FAKE,0
7639,FAKE,0
1333,REAL,1
8440,FAKE,0
6255,FAKE,0
1578,REAL,1
4800,REAL,1
2037,REAL,1
8537,FAKE,0
4793,REAL,1
4440,REAL,1
1195,REAL,1
9543,FAKE,0
5689,FAKE,0
4942,REAL,1
1730,REAL,1
2261,REAL,1
2841,REAL,1
6311,FAKE,0
2113,REAL,1
1219,REAL,1
3259,REAL,1
5599,FAKE,0
7387,FAKE,0
6137,FAKE,0
3220,REAL,1
6259,FAKE,0
5436,FAKE,0
3816,REAL,1
3890,REAL,1
3716,REAL,1
7557,FAKE,0
2142,REAL,1
6962,FAKE,0
2976,REAL,1
7756,FAKE,0
2040,REAL,1
6514,FAKE,0
7224,FAKE,0
2549,REAL,1
4977,REAL,1
9140,FAKE,0
2296,REAL,1
5769,FAKE,0
3685,REAL,1
2420,REAL,1
7788,FAKE,0
530,REAL,1
8166,FAKE,0
3203,REAL,1
3891,REAL,1
6235,FAKE,0
4965,REAL,1
5380,FAKE,0
7600,FAKE,0
6595,FAKE,0
2431,REAL,1
441,REAL,1
6767,FAKE,0
8026,FAKE,0
729,REAL,1
5874,FAKE,0
6249,FAKE,0
659,REAL,1
2759,REAL,1
7364,FAKE,0
8337,FAKE,0
731,REAL,1
3270,REAL,1
5514,FAKE,0
6641,FAKE,0
3224,REAL,1
2402,REAL,1
7306,FAKE,0
9414,FAKE,0
9003,FAKE,0
721,REAL,1
4399,REAL,1
2098,REAL,1
6636,FAKE,0
4728,REAL,1
3022,REAL,1
859,REAL,1
1759,REAL,1
8675,FAKE,0
4635,REAL,1
5929,FAKE,0
1699,REAL,1
1735,REAL,1
7128,FAKE,0
7427,FAKE,0
7566,FAKE,0
2163,REAL,1
5397,FAKE,0
9435,FAKE,0
5435,FAKE,0
3885,REAL,1
4856,REAL,1
6447,FAKE,0
960,REAL,1
7866,FAKE,0
3488,REAL,1
1091,REAL,1
5348,FAKE,0
2791,REAL,1
1032,REAL,1
4710,REAL,1
10424,FAKE,0
618,REAL,1
3774,REAL,1
3585,REAL,1
459,REAL,1
7342,FAKE,0
3850,REAL,1
6177,FAKE,0
9142,FAKE,0
1916,REAL,1
9207,FAKE,0
8533,FAKE,0
7799,FAKE,0
4251,REAL,1
8152,FAKE,0
9346,FAKE,0
2525,REAL,1
1370,REAL,1
9370,FAKE,0
5700,FAKE,0
2534,REAL,1
1009,REAL,1
8601,FAKE,0
4761,REAL,1
1568,REAL,1
175,REAL,1
5586,FAKE,0
8393,FAKE,0
3135,REAL,1
3116,REAL,1
3352,REAL,1
548,REAL,1
3679,REAL,1
6978,FAKE,0
6105,FAKE,0
4948,REAL,1
5393,FAKE,0
1574,REAL,1
2929,REAL,1
9797,FAKE,0
1110,REAL,1
1626,REAL,1
8955,FAKE,0
5879,FAKE,0
6508,FAKE,0
2159,REAL,1
2183,REAL,1
4032,REAL,1
4132,REAL,1
9605,FAKE,0
2360,REAL,1
6737,FAKE,0
4508,REAL,1
1679,REAL,1
6774,FAKE,0
2233,REAL,1
410,REAL,1
3489,REAL,1
4623,REAL,1
2080,REAL,1
10083,FAKE,0
3792,REAL,1
2770,REAL,1
9076,FAKE,0
221,REAL,1
2766,REAL,1
7266,FAKE,0
4622,REAL,1
8124,FAKE,0
620,REAL,1
1656,REAL,1
7534,FAKE,0
6878,FAKE,0
1264,REAL,1
6451,FAKE,0
4820,REAL,1
6470,FAKE,0
6523,FAKE,0
7840,FAKE,0
1583,REAL,1
2017,REAL,1
3267,REAL,1
1468,REAL,1
4395,REAL,1
8318,FAKE,0
5218,REAL,1
9270,FAKE,0
4982,REAL,1
9666,FAKE,0
6583,FAKE,0
703,REAL,1
9846,FAKE,0
10029,FAKE,0
8377,FAKE,0
850,REAL,1
5039,REAL,1
10313,FAKE,0
3507,REAL,1
2529,REAL,1
2872,REAL,1
9214,FAKE,0
6149,FAKE,0
8512,FAKE,0
9895,FAKE,0
651,REAL,1
4090,REAL,1
3337,REAL,1
3796,REAL,1
1221,REAL,1
6530,FAKE,0
3477,REAL,1
4138,REAL,1
7893,FAKE,0
4822,REAL,1
3752,REAL,1
4615,REAL,1
4082,REAL,1
8388,FAKE,0
3066,REAL,1
1305,REAL,1
3085,REAL,1
5642,FAKE,0
2723,REAL,1
4849,REAL,1
2879,REAL,1
2979,REAL,1
8848,FAKE,0
7066,FAKE,0
1088,REAL,1
8301,FAKE,0
7572,FAKE,0
5178,REAL,1
1906,REAL,1
2046,REAL,1
6627,FAKE,0
537,REAL,1
2990,REAL,1
3920,REAL,1
10321,FAKE,0
1740,REAL,1
5866,FAKE,0
873,REAL,1
3909,REAL,1
8463,FAKE,0
527,REAL,1
1369,REAL,1
7936,FAKE,0
5811,FAKE,0
617,REAL,1
7973,FAKE,0
879,REAL,1
4105,REAL,1
1828,REAL,1
7606,FAKE,0
9306,FAKE,0
6811,FAKE,0
688,REAL,1
10097,FAKE,0
7186,FAKE,0
8465,FAKE,0
9754,FAKE,0
2524,REAL,1
5470,FAKE,0
540,REAL,1
6075,FAKE,0
7300,FAKE,0
10382,FAKE,0
99,REAL,1
6986,FAKE,0
6366,FAKE,0
5034,REAL,1
3396,REAL,1
2398,REAL,1
1322,REAL,1
6824,FAKE,0
3535,REAL,1
9990,FAKE,0
8480,FAKE,0
7597,FAKE,0
808,REAL,1
9182,FAKE,0
4284,REAL,1
5073,REAL,1
2587,REAL,1
1893,REAL,1
3102,REAL,1
7368,FAKE,0
7964,FAKE,0
10111,FAKE,0
3922,REAL,1
7642,FAKE,0
3833,REAL,1
9172,FAKE,0
3917,REAL,1
8335,FAKE,0
4541,REAL,1
4081,REAL,1
1335,REAL,1
9326,FAKE,0
1664,REAL,1
10397,FAKE,0
6753,FAKE,0
7388,FAKE,0
4594,REAL,1
5245,REAL,1
978,REAL,1
2771,REAL,1
8257,FAKE,0
6685,FAKE,0
7094,FAKE,0
7691,FAKE,0
5351,FAKE,0
1240,REAL,1
6243,FAKE,0
614,REAL,1
1567,REAL,1
8642,FAKE,0
5768,FAKE,0
7982,FAKE,0
6894,FAKE,0
5407,FAKE,0
767,REAL,1
10027,FAKE,0
3795,REAL,1
3197,REAL,1
5956,FAKE,0
1555,REAL,1
4367,REAL,1
1495,REAL,1
107,REAL,1
7324,FAKE,0
9878,FAKE,0
262,REAL,1
6372,FAKE,0
6379,FAKE,0
4384,REAL,1
2243,REAL,1
52,REAL,1
10519,FAKE,0
7865,FAKE,0
4997,REAL,1
8668,FAKE,0
9308,FAKE,0
3361,REAL,1
3333,REAL,1
4949,REAL,1
7731,FAKE,0
5650,FAKE,0
2543,REAL,1
4647,REAL,1
77,REAL,1
5400,FAKE,0
8705,FAKE,0
9544,FAKE,0
843,REAL,1
6353,FAKE,0
206,REAL,1
4456,REAL,1
7703,FAKE,0
1327,REAL,1
10411,FAKE,0
7148,FAKE,0
7349,FAKE,0
7522,FAKE,0
5491,FAKE,0
10096,FAKE,0
12,REAL,1
5474,FAKE,0
8368,FAKE,0
8252,FAKE,0
5658,FAKE,0
5737,FAKE,0
10398,FAKE,0
8083,FAKE,0
10406,FAKE,0
10242,FAKE,0
6580,FAKE,0
10050,FAKE,0
7819,FAKE,0
8143,FAKE,0
2160,REAL,1
4892,REAL,1
4245,REAL,1
3016,REAL,1
10532,FAKE,0
1633,REAL,1
552,REAL,1
3320,REAL,1
2265,REAL,1
2148,REAL,1
7999,FAKE,0
665,REAL,1
2091,REAL,1
4438,REAL,1
2016,REAL,1
1968,REAL,1
5287,FAKE,0
9128,FAKE,0
9105,FAKE,0
3245,REAL,1
9779,FAKE,0
7841,FAKE,0
7134,FAKE,0
609,REAL,1
1228,REAL,1
9238,FAKE,0
457,REAL,1
8154,FAKE,0
5583,FAKE,0
2349,REAL,1
10536,FAKE,0
1635,REAL,1
5341,FAKE,0
7189,FAKE,0
6901,FAKE,0
5009,REAL,1
6518,FAKE,0
9744,FAKE,0
6704,FAKE,0
10423,FAKE,0
3072,REAL,1
7763,FAKE,0
8478,FAKE,0
3297,REAL,1
7021,FAKE,0
6371,FAKE,0
49,REAL,1
8452,FAKE,0
945,REAL,1
5862,FAKE,0
5936,FAKE,0
6162,FAKE,0
3163,REAL,1
4212,REAL,1
6449,FAKE,0
3668,REAL,1
8939,FAKE,0
9457,FAKE,0
1157,REAL,1
5734,FAKE,0
1239,REAL,1
4645,REAL,1
2374,REAL,1
1252,REAL,1
7319,FAKE,0
3804,REAL,1
3394,REAL,1
2479,REAL,1
261,REAL,1
1521,REAL,1
8006,FAKE,0
10299,FAKE,0
2477,REAL,1
3358,REAL,1
1119,REAL,1
4704,REAL,1
7237,FAKE,0
3537,REAL,1
7909,FAKE,0
1454,REAL,1
6306,FAKE,0
7419,FAKE,0
3510,REAL,1
7466,FAKE,0
6985,FAKE,0
8774,FAKE,0
5824,FAKE,0
7057,FAKE,0
9104,FAKE,0
1855,REAL,1
2847,REAL,1
4774,REAL,1
622,REAL,1
4391,REAL,1
9740,FAKE,0
679,REAL,1
466,REAL,1
7181,FAKE,0
6164,FAKE,0
6383,FAKE,0
8488,FAKE,0
1254,REAL,1
2135,REAL,1
7246,FAKE,0
1540,REAL,1
10062,FAKE,0
10071,FAKE,0
152,REAL,1
7616,FAKE,0
2468,REAL,1
6461,FAKE,0
8444,FAKE,0
8731,FAKE,0
3265,REAL,1
10151,FAKE,0
1415,REAL,1
2172,REAL,1
1698,REAL,1
9109,FAKE,0
2125,REAL,1
5771,FAKE,0
5111,REAL,1
1291,REAL,1
5980,FAKE,0
10132,FAKE,0
2957,REAL,1
9728,FAKE,0
4461,REAL,1
4874,REAL,1
5932,FAKE,0
6053,FAKE,0
4073,REAL,1
884,REAL,1
3449,REAL,1
2920,REAL,1
3699,REAL,1
5251,REAL,1
3930,REAL,1
1536,REAL,1
84,REAL,1
1553,REAL,1
4512,REAL,1
6488,FAKE,0
518,REAL,1
7311,FAKE,0
7396,FAKE,0
6417,FAKE,0
3313,REAL,1
8339,FAKE,0
8889,FAKE,0
2332,REAL,1
287,REAL,1
7220,FAKE,0
2146,REAL,1
3583,REAL,1
2109,REAL,1
7371,FAKE,0
10528,FAKE,0
9816,FAKE,0
9131,FAKE,0
9612,FAKE,0
6883,FAKE,0
6987,FAKE,0
1514,REAL,1
10422,FAKE,0
7254,FAKE,0
4989,REAL,1
6515,FAKE,0
2177,REAL,1
9479,FAKE,0
2675,REAL,1
1581,REAL,1
1908,REAL,1
2173,REAL,1
7183,FAKE,0
9889,FAKE,0
8770,FAKE,0
2272,REAL,1
2442,REAL,1
5027,REAL,1
4165,REAL,1
7685,FAKE,0
9952,FAKE,0
3726,REAL,1
7686,FAKE,0
5549,FAKE,0
2633,REAL,1
4066,REAL,1
325,REAL,1
8778,FAKE,0
257,REAL,1
9339,FAKE,0
1462,REAL,1
5357,FAKE,0
73,REAL,1
414,REAL,1
1576,REAL,1
6304,FAKE,0
9873,FAKE,0
10479,FAKE,0
2073,REAL,1
5707,FAKE,0
8626,FAKE,0
5065,REAL,1
2521,REAL,1
4343,REAL,1
5498,FAKE,0
3915,REAL,1
5679,FAKE,0
4447,REAL,1
8839,FAKE,0
6832,FAKE,0
3356,REAL,1
2435,REAL,1
8106,FAKE,0
3553,REAL,1
3992,REAL,1
6033,FAKE,0
1312,REAL,1
9192,FAKE,0
7413,FAKE,0
1061,REAL,1
7910,FAKE,0
6852,FAKE,0
8058,FAKE,0
5690,FAKE,0
8943,FAKE,0
7320,FAKE,0
2566,REAL,1
7370,FAKE,0
4039,REAL,1
1886,REAL,1
3261,REAL,1
8548,FAKE,0
8302,FAKE,0
3459,REAL,1
657,REAL,1
5298,FAKE,0
3188,REAL,1
5004,REAL,1
9606,FAKE,0
35,REAL,1
646,REAL,1
6690,FAKE,0
1529,REAL,1
8213,FAKE,0
9970,FAKE,0
1622,REAL,1
1485,REAL,1
2915,REAL,1
1872,REAL,1
5017,REAL,1
4733,REAL,1
3542,REAL,1
4307,REAL,1
4845,REAL,1
10178,FAKE,0
1822,REAL,1
6335,FAKE,0
8090,FAKE,0
2515,REAL,1
4332,REAL,1
6676,FAKE,0
4101,REAL,1
5499,FAKE,0
4143,REAL,1
7405,FAKE,0
579,REAL,1
8813,FAKE,0
442,REAL,1
9341,FAKE,0
3711,REAL,1
9404,FAKE,0
4730,REAL,1
1710,REAL,1
7340,FAKE,0
7288,FAKE,0
7053,FAKE,0
10545,FAKE,0
321,REAL,1
4627,REAL,1
754,REAL,1
7780,FAKE,0
4850,REAL,1
5308,FAKE,0
2275,REAL,1
994,REAL,1
8673,FAKE,0
1086,REAL,1
8405,FAKE,0
6226,FAKE,0
4141,REAL,1
835,REAL,1
5118,REAL,1
2452,REAL,1
7856,FAKE,0
7505,FAKE,0
3334,REAL,1
4873,REAL,1
4810,REAL,1
8996,FAKE,0
2836,REAL,1
7653,FAKE,0
3052,REAL,1
1466,REAL,1
10171,FAKE,0
314,REAL,1
7422,FAKE,0
3502,REAL,1
2511,REAL,1
4013,REAL,1
333,REAL,1
5062,REAL,1
36,REAL,1
6564,FAKE,0
8061,FAKE,0
6142,FAKE,0
105,REAL,1
6006,FAKE,0
8888,FAKE,0
1744,REAL,1
1053,REAL,1
9504,FAKE,0
6953,FAKE,0
1069,REAL,1
7563,FAKE,0
4973,REAL,1
3432,REAL,1
7813,FAKE,0
9438,FAKE,0
1324,REAL,1
7184,FAKE,0
9805,FAKE,0
1666,REAL,1
6150,FAKE,0
8087,FAKE,0
9786,FAKE,0
8968,FAKE,0
9576,FAKE,0
504,REAL,1
3290,REAL,1
5989,FAKE,0
8672,FAKE,0
2801,REAL,1
5780,FAKE,0
8118,FAKE,0
10358,FAKE,0
1820,REAL,1
3628,REAL,1
1609,REAL,1
2350,REAL,1
5092,REAL,1
10551,FAKE,0
9566,FAKE,0
9745,FAKE,0
946,REAL,1
8729,FAKE,0
6884,FAKE,0
3486,REAL,1
3371,REAL,1
976,REAL,1
6209,FAKE,0
5644,FAKE,0
8474,FAKE,0
4752,REAL,1
274,REAL,1
3847,REAL,1
5566,FAKE,0
1183,REAL,1
3876,REAL,1
6102,FAKE,0
1359,REAL,1
9851,FAKE,0
5990,FAKE,0
9751,FAKE,0
7804,FAKE,0
1731,REAL,1
5550,FAKE,0
8526,FAKE,0
8690,FAKE,0
10176,FAKE,0
710,REAL,1
5738,FAKE,0
10008,FAKE,0
6059,FAKE,0
4974,REAL,1
5704,FAKE,0
4191,REAL,1
6396,FAKE,0
9137,FAKE,0
7915,FAKE,0
7995,FAKE,0
7106,FAKE,0
2034,REAL,1
7671,FAKE,0
2602,REAL,1
6766,FAKE,0
8121,FAKE,0
392,REAL,1
6165,FAKE,0
7985,FAKE,0
2870,REAL,1
1414,REAL,1
6158,FAKE,0
758,REAL,1
8615,FAKE,0
7519,FAKE,0
888,REAL,1
4480,REAL,1
1041,REAL,1
1276,REAL,1
9065,FAKE,0
7925,FAKE,0
3603,REAL,1
6971,FAKE,0
5930,FAKE,0
376,REAL,1
3504,REAL,1
9483,FAKE,0
242,REAL,1
3384,REAL,1
1741,REAL,1
2668,REAL,1
593,REAL,1
2373,REAL,1
8285,FAKE,0
10261,FAKE,0
8842,FAKE,0
3316,REAL,1
5021,REAL,1
1202,REAL,1
7777,FAKE,0
3655,REAL,1
9843,FAKE,0
5172,REAL,1
4058,REAL,1
9379,FAKE,0
4084,REAL,1
6945,FAKE,0
5193,REAL,1
5271,REAL,1
3756,REAL,1
8450,FAKE,0
2023,REAL,1
1683,REAL,1
7078,FAKE,0
8935,FAKE,0
8511,FAKE,0
106,REAL,1
7874,FAKE,0
7491,FAKE,0
3797,REAL,1
6314,FAKE,0
2425,REAL,1
6200,FAKE,0
532,REAL,1
8116,FAKE,0
7487,FAKE,0
373,REAL,1
4967,REAL,1
2906,REAL,1
306,REAL,1
5661,FAKE,0
8520,FAKE,0
8338,FAKE,0
1554,REAL,1
10523,FAKE,0
7651,FAKE,0
10221,FAKE,0
8769,FAKE,0
9422,FAKE,0
6125,FAKE,0
10353,FAKE,0
5740,FAKE,0
3036,REAL,1
2782,REAL,1
5938,FAKE,0
9995,FAKE,0
1478,REAL,1
4531,REAL,1
4616,REAL,1
4402,REAL,1
5343,FAKE,0
4124,REAL,1
1045,REAL,1
6697,FAKE,0
7279,FAKE,0
7215,FAKE,0
824,REAL,1
9353,FAKE,0
2760,REAL,1
761,REAL,1
1398,REAL,1
8287,FAKE,0
6929,FAKE,0
1467,REAL,1
4888,REAL,1
6684,FAKE,0
1511,REAL,1
3568,REAL,1
5548,FAKE,0
10047,FAKE,0
2885,REAL,1
4903,REAL,1
237,REAL,1
1184,REAL,1
6254,FAKE,0
8899,FAKE,0
9562,FAKE,0
6199,FAKE,0
4309,REAL,1
3735,REAL,1
7644,FAKE,0
1243,REAL,1
8719,FAKE,0
1928,REAL,1
9006,FAKE,0
10386,FAKE,0
642,REAL,1
1442,REAL,1
660,REAL,1
480,REAL,1
5164,REAL,1
5904,FAKE,0
10342,FAKE,0
629,REAL,1
8743,FAKE,0
7969,FAKE,0
4575,REAL,1
557,REAL,1
470,REAL,1
10290,FAKE,0
2491,REAL,1
5318,FAKE,0
10049,FAKE,0
9938,FAKE,0
6146,FAKE,0
7632,FAKE,0
6502,FAKE,0
6181,FAKE,0
5534,FAKE,0
7231,FAKE,0
7269,FAKE,0
2165,REAL,1
4846,REAL,1
6848,FAKE,0
7198,FAKE,0
8050,FAKE,0
2659,REAL,1
3199,REAL,1
2986,REAL,1
8313,FAKE,0
9395,FAKE,0
5744,FAKE,0
3298,REAL,1
10202,FAKE,0
9252,FAKE,0
10319,FAKE,0
4153,REAL,1
5042,REAL,1
2927,REAL,1
10249,FAKE,0
3875,REAL,1
4346,REAL,1
5647,FAKE,0
8349,FAKE,0
555,REAL,1
3292,REAL,1
5571,FAKE,0
7045,FAKE,0
9897,FAKE,0
3588,REAL,1
10399,FAKE,0
3515,REAL,1
1572,REAL,1
5669,FAKE,0
8251,FAKE,0
8875,FAKE,0
9373,FAKE,0
4640,REAL,1
5558,FAKE,0
2903,REAL,1
6747,FAKE,0
9686,FAKE,0
9087,FAKE,0
2209,REAL,1
422,REAL,1
1956,REAL,1
2474,REAL,1
8072,FAKE,0
149,REAL,1
4074,REAL,1
1873,REAL,1
8629,FAKE,0
4171,REAL,1
565,REAL,1
6202,FAKE,0
3734,REAL,1
1999,REAL,1
1851,REAL,1
1682,REAL,1
7826,FAKE,0
8570,FAKE,0
1365,REAL,1
26,REAL,1
10332,FAKE,0
5958,FAKE,0
2038,REAL,1
10264,FAKE,0
6081,FAKE,0
2767,REAL,1
6332,FAKE,0
8002,FAKE,0
8451,FAKE,0
6185,FAKE,0
5269,REAL,1
2271,REAL,1
2013,REAL,1
1308,REAL,1
9988,FAKE,0
4611,REAL,1
1651,REAL,1
774,REAL,1
9881,FAKE,0
7068,FAKE,0
542,REAL,1
6439,FAKE,0
6229,FAKE,0
3075,REAL,1
5782,FAKE,0
6427,FAKE,0
2563,REAL,1
5069,REAL,1
1031,REAL,1
8841,FAKE,0
7767,FAKE,0
6070,FAKE,0
4253,REAL,1
2865,REAL,1
4766,REAL,1
434,REAL,1
5194,REAL,1
5907,FAKE,0
2254,REAL,1
4968,REAL,1
4781,REAL,1
6925,FAKE,0
9420,FAKE,0
4472,REAL,1
436,REAL,1
4731,REAL,1
8138,FAKE,0
669,REAL,1
8279,FAKE,0
3621,REAL,1
857,REAL,1
25,REAL,1
1249,REAL,1
3293,REAL,1
649,REAL,1
4503,REAL,1
1330,REAL,1
8348,FAKE,0
8686,FAKE,0
4319,REAL,1
3490,REAL,1
939,REAL,1
10464,FAKE,0
5196,REAL,1
890,REAL,1
3609,REAL,1
2584,REAL,1
2155,REAL,1
8269,FAKE,0
4282,REAL,1
913,REAL,1
3362,REAL,1
133,REAL,1
5713,FAKE,0
3014,REAL,1
9015,FAKE,0
1128,REAL,1
8998,FAKE,0
4513,REAL,1
9912,FAKE,0
4387,REAL,1
9602,FAKE,0
8040,FAKE,0
2734,REAL,1
3332,REAL,1
1941,REAL,1
6182,FAKE,0
7766,FAKE,0
3392,REAL,1
9460,FAKE,0
4241,REAL,1
6011,FAKE,0
2388,REAL,1
1477,REAL,1
6719,FAKE,0
10196,FAKE,0
3931,REAL,1
9526,FAKE,0
391,REAL,1
9246,FAKE,0
9820,FAKE,0
7888,FAKE,0
5129,REAL,1
5518,FAKE,0
7987,FAKE,0
9285,FAKE,0
8412,FAKE,0
3080,REAL,1
9678,FAKE,0
5764,FAKE,0
8418,FAKE,0
7920,FAKE,0
9677,FAKE,0
7123,FAKE,0
2112,REAL,1
1350,REAL,1
3647,REAL,1
7575,FAKE,0
1142,REAL,1
6889,FAKE,0
10455,FAKE,0
848,REAL,1
3503,REAL,1
8789,FAKE,0
6395,FAKE,0
6163,FAKE,0
8115,FAKE,0
5013,REAL,1
9837,FAKE,0
4063,REAL,1
922,REAL,1
5255,REAL,1
2476,REAL,1
8602,FAKE,0
3672,REAL,1
3011,REAL,1
5996,FAKE,0
8750,FAKE,0
7476,FAKE,0
5276,REAL,1
4313,REAL,1
2571,REAL,1
4951,REAL,1
1879,REAL,1
5729,FAKE,0
6952,FAKE,0
8003,FAKE,0
7235,FAKE,0
4004,REAL,1
5577,FAKE,0
2168,REAL,1
6568,FAKE,0
285,REAL,1
1016,REAL,1
9083,FAKE,0
4755,REAL,1
9049,FAKE,0
8315,FAKE,0
3439,REAL,1
3241,REAL,1
295,REAL,1
9522,FAKE,0
4301,REAL,1
2490,REAL,1
7142,FAKE,0
2743,REAL,1
5966,FAKE,0
9591,FAKE,0
120,REAL,1
10197,FAKE,0
4998,REAL,1
9108,FAKE,0
4956,REAL,1
2981,REAL,1
2206,REAL,1
2501,REAL,1
2433,REAL,1
1482,REAL,1
6772,FAKE,0
3483,REAL,1
2739,REAL,1
2235,REAL,1
4939,REAL,1
1412,REAL,1
920,REAL,1
5515,FAKE,0
5096,REAL,1
6716,FAKE,0
10475,FAKE,0
1408,REAL,1
6342,FAKE,0
8111,FAKE,0
380,REAL,1
1513,REAL,1
2804,REAL,1
2185,REAL,1
4001,REAL,1
9502,FAKE,0
9981,FAKE,0
9904,FAKE,0
4495,REAL,1
9069,FAKE,0
6556,FAKE,0
2274,REAL,1
9455,FAKE,0
3724,REAL,1
420,REAL,1
3604,REAL,1
3747,REAL,1
9661,FAKE,0
6281,FAKE,0
2730,REAL,1
3390,REAL,1
7569,FAKE,0
6338,FAKE,0
4510,REAL,1
3654,REAL,1
7088,FAKE,0
3903,REAL,1
9365,FAKE,0
59,REAL,1
3395,REAL,1
3207,REAL,1
5540,FAKE,0
839,REAL,1
5841,FAKE,0
2487,REAL,1
6262,FAKE,0
5675,FAKE,0
4135,REAL,1
7543,FAKE,0
1209,REAL,1
7536,FAKE,0
9124,FAKE,0
575,REAL,1
4232,REAL,1
5702,FAKE,0
1040,REAL,1
1191,REAL,1
7659,FAKE,0
3446,REAL,1
1639,REAL,1
556,REAL,1
2670,REAL,1
2318,REAL,1
9220,FAKE,0
3149,REAL,1
5257,REAL,1
9161,FAKE,0
9149,FAKE,0
1856,REAL,1
3543,REAL,1
7257,FAKE,0
8291,FAKE,0
9349,FAKE,0
4017,REAL,1
8967,FAKE,0
6144,FAKE,0
8603,FAKE,0
220,REAL,1
7851,FAKE,0
5090,REAL,1
3725,REAL,1
9451,FAKE,0
8807,FAKE,0
2666,REAL,1
3172,REAL,1
782,REAL,1
1317,REAL,1
5756,FAKE,0
8897,FAKE,0
8022,FAKE,0
4238,REAL,1
2886,REAL,1
2348,REAL,1
3753,REAL,1
6232,FAKE,0
7149,FAKE,0
6668,FAKE,0
5873,FAKE,0
3383,REAL,1
10553,FAKE,0
574,REAL,1
10112,FAKE,0
5950,FAKE,0
2667,REAL,1
39,REAL,1
4612,REAL,1
6292,FAKE,0
3169,REAL,1
7682,FAKE,0
4969,REAL,1
2630,REAL,1
7679,FAKE,0
6779,FAKE,0
6869,FAKE,0
9445,FAKE,0
4295,REAL,1
374,REAL,1
10182,FAKE,0
4345,REAL,1
9792,FAKE,0
2224,REAL,1
4008,REAL,1
4897,REAL,1
398,REAL,1
7035,FAKE,0
8893,FAKE,0
9323,FAKE,0
7176,FAKE,0
474,REAL,1
2379,REAL,1
1160,REAL,1
6710,FAKE,0
4753,REAL,1
9045,FAKE,0
1824,REAL,1
9922,FAKE,0
8793,FAKE,0
1234,REAL,1
1256,REAL,1
7974,FAKE,0
6898,FAKE,0
9091,FAKE,0
8308,FAKE,0
7539,FAKE,0
243,REAL,1
7496,FAKE,0
4624,REAL,1
2520,REAL,1
9298,FAKE,0
2391,REAL,1
7301,FAKE,0
7250,FAKE,0
10477,FAKE,0
4926,REAL,1
8008,FAKE,0
3244,REAL,1
9436,FAKE,0
9106,FAKE,0
7887,FAKE,0
7120,FAKE,0
7978,FAKE,0
2827,REAL,1
8529,FAKE,0
8126,FAKE,0
3511,REAL,1
1788,REAL,1
2940,REAL,1
7683,FAKE,0
4420,REAL,1
8991,FAKE,0
6922,FAKE,0
3122,REAL,1
2101,REAL,1
88,REAL,1
5409,FAKE,0
5376,FAKE,0
319,REAL,1
3068,REAL,1
3028,REAL,1
6099,FAKE,0
6088,FAKE,0
3732,REAL,1
9627,FAKE,0
7358,FAKE,0
2718,REAL,1
8580,FAKE,0
4801,REAL,1
8365,FAKE,0
8361,FAKE,0
3531,REAL,1
7923,FAKE,0
9208,FAKE,0
630,REAL,1
1971,REAL,1
4444,REAL,1
9599,FAKE,0
2984,REAL,1
1830,REAL,1
8198,FAKE,0
4520,REAL,1
2555,REAL,1
5792,FAKE,0
10311,FAKE,0
3952,REAL,1
3431,REAL,1
949,REAL,1
37,REAL,1
19,REAL,1
3187,REAL,1
5299,FAKE,0
10222,FAKE,0
1703,REAL,1
10440,FAKE,0
1725,REAL,1
2105,REAL,1
5781,FAKE,0
10163,FAKE,0
411,REAL,1
5972,FAKE,0
1647,REAL,1
10064,FAKE,0
3800,REAL,1
2246,REAL,1
10480,FAKE,0
5372,FAKE,0
8865,FAKE,0
5759,FAKE,0
1859,REAL,1
6051,FAKE,0
4604,REAL,1
5443,FAKE,0
8176,FAKE,0
9831,FAKE,0
430,REAL,1
709,REAL,1
765,REAL,1
8333,FAKE,0
5620,FAKE,0
3157,REAL,1
8585,FAKE,0
190,REAL,1
786,REAL,1
6759,FAKE,0
2702,REAL,1
6979,FAKE,0
5403,FAKE,0
3719,REAL,1
6807,FAKE,0
6282,FAKE,0
4828,REAL,1
7689,FAKE,0
1258,REAL,1
8047,FAKE,0
1316,REAL,1
5077,REAL,1
9649,FAKE,0
7618,FAKE,0
6370,FAKE,0
5076,REAL,1
2409,REAL,1
9513,FAKE,0
9672,FAKE,0
2454,REAL,1
289,REAL,1
3617,REAL,1
644,REAL,1
1314,REAL,1
3176,REAL,1
9355,FAKE,0
5517,FAKE,0
3283,REAL,1
5559,FAKE,0
3620,REAL,1
2568,REAL,1
9127,FAKE,0
8680,FAKE,0
4607,REAL,1
4836,REAL,1
7479,FAKE,0
8662,FAKE,0
6023,FAKE,0
6401,FAKE,0
4435,REAL,1
6800,FAKE,0
5046,REAL,1
7619,FAKE,0
5897,FAKE,0
2114,REAL,1
7477,FAKE,0
10465,FAKE,0
1395,REAL,1
10495,FAKE,0
6817,FAKE,0
4564,REAL,1
9906,FAKE,0
4857,REAL,1
9017,FAKE,0
1632,REAL,1
2694,REAL,1
573,REAL,1
8262,FAKE,0
7143,FAKE,0
1401,REAL,1
6782,FAKE,0
3674,REAL,1
2,REAL,1
6444,FAKE,0
4064,REAL,1
6250,FAKE,0
813,REAL,1
6931,FAKE,0
2061,REAL,1
9452,FAKE,0
1815,REAL,1
9374,FAKE,0
2756,REAL,1
10430,FAKE,0
9670,FAKE,0
7450,FAKE,0
1995,REAL,1
2933,REAL,1
3973,REAL,1
9315,FAKE,0
1378,REAL,1
9658,FAKE,0
7976,FAKE,0
4035,REAL,1
5110,REAL,1
6846,FAKE,0
1844,REAL,1
6305,FAKE,0
1144,REAL,1
9240,FAKE,0
8667,FAKE,0
7329,FAKE,0
5333,FAKE,0
4389,REAL,1
2594,REAL,1
6108,FAKE,0
1678,REAL,1
3857,REAL,1
6773,FAKE,0
1575,REAL,1
2970,REAL,1
195,REAL,1
7926,FAKE,0
6827,FAKE,0
7594,FAKE,0
3815,REAL,1
8843,FAKE,0
2944,REAL,1
1282,REAL,1
8447,FAKE,0
1658,REAL,1
7334,FAKE,0
8481,FAKE,0
3824,REAL,1
4288,REAL,1
5698,FAKE,0
8947,FAKE,0
7286,FAKE,0
1302,REAL,1
10491,FAKE,0
7896,FAKE,0
9459,FAKE,0
5633,FAKE,0
6823,FAKE,0
2212,REAL,1
2299,REAL,1
4007,REAL,1
5353,FAKE,0
8746,FAKE,0
886,REAL,1
7568,FAKE,0
9224,FAKE,0
9442,FAKE,0
6630,FAKE,0
559,REAL,1
1739,REAL,1
3296,REAL,1
7770,FAKE,0
4941,REAL,1
2383,REAL,1
9236,FAKE,0
631,REAL,1
9515,FAKE,0
8209,FAKE,0
341,REAL,1
9159,FAKE,0
3491,REAL,1
5412,FAKE,0
9430,FAKE,0
7321,FAKE,0
7726,FAKE,0
1584,REAL,1
4677,REAL,1
5181,REAL,1
2982,REAL,1
9700,FAKE,0
2936,REAL,1
4140,REAL,1
9467,FAKE,0
9255,FAKE,0
6867,FAKE,0
7514,FAKE,0
9225,FAKE,0
4156,REAL,1
3025,REAL,1
428,REAL,1
1696,REAL,1
1372,REAL,1
2324,REAL,1
9558,FAKE,0
7122,FAKE,0
6930,FAKE,0
8734,FAKE,0
4458,REAL,1
10245,FAKE,0
5806,FAKE,0
7230,FAKE,0
3405,REAL,1
6751,FAKE,0
3464,REAL,1
4209,REAL,1
4249,REAL,1
1888,REAL,1
8434,FAKE,0
1496,REAL,1
5523,FAKE,0
6298,FAKE,0
5167,REAL,1
3047,REAL,1
2294,REAL,1
6385,FAKE,0
4028,REAL,1
635,REAL,1
9476,FAKE,0
2227,REAL,1
5746,FAKE,0
5627,FAKE,0
5584,FAKE,0
9946,FAKE,0
8586,FAKE,0
4644,REAL,1
3596,REAL,1
10072,FAKE,0
549,REAL,1
910,REAL,1
6554,FAKE,0
8700,FAKE,0
3110,REAL,1
4474,REAL,1
3492,REAL,1
1587,REAL,1
311,REAL,1
1346,REAL,1
7734,FAKE,0
1362,REAL,1
5418,FAKE,0
461,REAL,1
560,REAL,1
7464,FAKE,0
132,REAL,1
10055,FAKE,0
8566,FAKE,0
8826,FAKE,0
7959,FAKE,0
1758,REAL,1
10542,FAKE,0
5993,FAKE,0
7307,FAKE,0
10148,FAKE,0
3344,REAL,1
1863,REAL,1
5324,FAKE,0
7531,FAKE,0
8158,FAKE,0
8593,FAKE,0
5191,REAL,1
282,REAL,1
4821,REAL,1
5902,FAKE,0
5886,FAKE,0
2033,REAL,1
4557,REAL,1
238,REAL,1
6628,FAKE,0
1674,REAL,1
5086,REAL,1
6373,FAKE,0
5834,FAKE,0
473,REAL,1
6520,FAKE,0
4598,REAL,1
76,REAL,1
4041,REAL,1
4094,REAL,1
10022,FAKE,0
9380,FAKE,0
5204,REAL,1
7897,FAKE,0
10497,FAKE,0
10240,FAKE,0
7555,FAKE,0
5024,REAL,1
7784,FAKE,0
8535,FAKE,0
10322,FAKE,0
4127,REAL,1
8864,FAKE,0
4832,REAL,1
7518,FAKE,0
8665,FAKE,0
3319,REAL,1
8156,FAKE,0
904,REAL,1
4442,REAL,1
4578,REAL,1
6036,FAKE,0
1253,REAL,1
8946,FAKE,0
10032,FAKE,0
1367,REAL,1
6096,FAKE,0
1430,REAL,1
707,REAL,1
4646,REAL,1
279,REAL,1
7941,FAKE,0
9470,FAKE,0
2459,REAL,1
8857,FAKE,0
6866,FAKE,0
3191,REAL,1
1149,REAL,1
8659,FAKE,0
9862,FAKE,0
2875,REAL,1
1704,REAL,1
9082,FAKE,0
5910,FAKE,0
3479,REAL,1
9490,FAKE,0
6847,FAKE,0
4809,REAL,1
6193,FAKE,0
5884,FAKE,0
3379,REAL,1
9272,FAKE,0
595,REAL,1
8464,FAKE,0
3473,REAL,1
3286,REAL,1
8165,FAKE,0
3984,REAL,1
5494,FAKE,0
7273,FAKE,0
1268,REAL,1
10160,FAKE,0
8228,FAKE,0
3053,REAL,1
3649,REAL,1
395,REAL,1
254,REAL,1
388,REAL,1
4057,REAL,1
122,REAL,1
8565,FAKE,0
7287,FAKE,0
799,REAL,1
6052,FAKE,0
1493,REAL,1
5300,FAKE,0
8661,FAKE,0
1814,REAL,1
4098,REAL,1
8542,FAKE,0
1057,REAL,1
296,REAL,1
8500,FAKE,0
8270,FAKE,0
1163,REAL,1
7884,FAKE,0
6629,FAKE,0
1391,REAL,1
444,REAL,1
5913,FAKE,0
7773,FAKE,0
9530,FAKE,0
8870,FAKE,0
744,REAL,1
7806,FAKE,0
8362,FAKE,0
4839,REAL,1
955,REAL,1
6368,FAKE,0
10505,FAKE,0
823,REAL,1
10392,FAKE,0
616,REAL,1
9465,FAKE,0
5001,REAL,1
5923,FAKE,0
9651,FAKE,0
2671,REAL,1
3020,REAL,1
2548,REAL,1
4507,REAL,1
176,REAL,1
2322,REAL,1
1387,REAL,1
8199,FAKE,0
7772,FAKE,0
5721,FAKE,0
8433,FAKE,0
9167,FAKE,0
8571,FAKE,0
1827,REAL,1
10075,FAKE,0
1076,REAL,1
594,REAL,1
2495,REAL,1
9331,FAKE,0
10140,FAKE,0
8880,FAKE,0
7585,FAKE,0
8768,FAKE,0
968,REAL,1
5805,FAKE,0
2450,REAL,1
10325,FAKE,0
78,REAL,1
8131,FAKE,0
10380,FAKE,0
2494,REAL,1
349,REAL,1
2575,REAL,1
6231,FAKE,0
6026,FAKE,0
5157,REAL,1
6946,FAKE,0
2446,REAL,1
2925,REAL,1
1068,REAL,1
2416,REAL,1
8930,FAKE,0
7168,FAKE,0
5797,FAKE,0
498,REAL,1
9882,FAKE,0
10074,FAKE,0
10229,FAKE,0
8164,FAKE,0
4960,REAL,1
5022,REAL,1
6565,FAKE,0
8286,FAKE,0
8030,FAKE,0
10447,FAKE,0
4252,REAL,1
3541,REAL,1
2808,REAL,1
2455,REAL,1
9248,FAKE,0
1709,REAL,1
732,REAL,1
7717,FAKE,0
6652,FAKE,0
2236,REAL,1
6691,FAKE,0
8189,FAKE,0
2201,REAL,1
5453,FAKE,0
5424,FAKE,0
5594,FAKE,0
6056,FAKE,0
7,REAL,1
8295,FAKE,0
3448,REAL,1
7721,FAKE,0
2552,REAL,1
1073,REAL,1
1862,REAL,1
5441,FAKE,0
9387,FAKE,0
6536,FAKE,0
5033,REAL,1
5342,FAKE,0
1841,REAL,1
1136,REAL,1
6189,FAKE,0
3129,REAL,1
1336,REAL,1
7457,FAKE,0
6302,FAKE,0
9115,FAKE,0
7876,FAKE,0
5166,REAL,1
4290,REAL,1
9919,FAKE,0
9691,FAKE,0
4336,REAL,1
7614,FAKE,0
5108,REAL,1
7060,FAKE,0
7056,FAKE,0
6045,FAKE,0
8379,FAKE,0
1795,REAL,1
9975,FAKE,0
4628,REAL,1
4125,REAL,1
6116,FAKE,0
4152,REAL,1
7889,FAKE,0
1813,REAL,1
4885,REAL,1
5071,REAL,1
5952,FAKE,0
6021,FAKE,0
7159,FAKE,0
6569,FAKE,0
2637,REAL,1
6374,FAKE,0
1267,REAL,1
7725,FAKE,0
3266,REAL,1
895,REAL,1
2020,REAL,1
2512,REAL,1
3346,REAL,1
1750,REAL,1
1400,REAL,1
3663,REAL,1
5137,REAL,1
10463,FAKE,0
7937,FAKE,0
5382,FAKE,0
8964,FAKE,0
5823,FAKE,0
3404,REAL,1
9094,FAKE,0
125,REAL,1
2641,REAL,1
4614,REAL,1
2245,REAL,1
5998,FAKE,0
8017,FAKE,0
5761,FAKE,0
7802,FAKE,0
3033,REAL,1
8792,FAKE,0
3849,REAL,1
7521,FAKE,0
10100,FAKE,0
2608,REAL,1
9245,FAKE,0
5953,FAKE,0
4978,REAL,1
2191,REAL,1
5916,FAKE,0
7323,FAKE,0
4525,REAL,1
3956,REAL,1
1307,REAL,1
338,REAL,1
6127,FAKE,0
4333,REAL,1
2225,REAL,1
9885,FAKE,0
10063,FAKE,0
6284,FAKE,0
9556,FAKE,0
872,REAL,1
6228,FAKE,0
745,REAL,1
1692,REAL,1
1404,REAL,1
4310,REAL,1
5611,FAKE,0
9813,FAKE,0
2613,REAL,1
2055,REAL,1
9656,FAKE,0
8811,FAKE,0
8503,FAKE,0
6789,FAKE,0
5390,FAKE,0
7749,FAKE,0
4108,REAL,1
4902,REAL,1
6868,FAKE,0
9260,FAKE,0
4502,REAL,1
3970,REAL,1
4121,REAL,1
8432,FAKE,0
4036,REAL,1
5504,FAKE,0
8426,FAKE,0
5179,REAL,1
4882,REAL,1
2262,REAL,1
1646,REAL,1
4488,REAL,1
301,REAL,1
3838,REAL,1
6450,FAKE,0
3587,REAL,1
1866,REAL,1
2752,REAL,1
7655,FAKE,0
7188,FAKE,0
4189,REAL,1
4555,REAL,1
7855,FAKE,0
6741,FAKE,0
6355,FAKE,0
9842,FAKE,0
4863,REAL,1
5360,FAKE,0
3185,REAL,1
1637,REAL,1
9059,FAKE,0
8218,FAKE,0
3646,REAL,1
5338,FAKE,0
3787,REAL,1
7899,FAKE,0
2720,REAL,1
6365,FAKE,0
2071,REAL,1
6151,FAKE,0
3377,REAL,1
10494,FAKE,0
9713,FAKE,0
7009,FAKE,0
5037,REAL,1
5632,FAKE,0
4649,REAL,1
9772,FAKE,0
278,REAL,1
10312,FAKE,0
7675,FAKE,0
6839,FAKE,0
5709,FAKE,0
5130,REAL,1
6187,FAKE,0
7107,FAKE,0
7162,FAKE,0
9725,FAKE,0
1896,REAL,1
8107,FAKE,0
5314,FAKE,0
9417,FAKE,0
1390,REAL,1
3458,REAL,1
673,REAL,1
6438,FAKE,0
8579,FAKE,0
9836,FAKE,0
7085,FAKE,0
4847,REAL,1
4927,REAL,1
5736,FAKE,0
10413,FAKE,0
5597,FAKE,0
4037,REAL,1
8231,FAKE,0
2193,REAL,1
2830,REAL,1
2819,REAL,1
8410,FAKE,0
8253,FAKE,0
6983,FAKE,0
9423,FAKE,0
724,REAL,1
7043,FAKE,0
3658,REAL,1
10015,FAKE,0
5531,FAKE,0
6360,FAKE,0
5481,FAKE,0
8835,FAKE,0
10486,FAKE,0
10181,FAKE,0
5601,FAKE,0
3520,REAL,1
4499,REAL,1
5231,REAL,1
7116,FAKE,0
10517,FAKE,0
5389,FAKE,0
153,REAL,1
2484,REAL,1
3166,REAL,1
1736,REAL,1
5766,FAKE,0
3335,REAL,1
3976,REAL,1
4530,REAL,1
210,REAL,1
2561,REAL,1
453,REAL,1
9598,FAKE,0
9187,FAKE,0
2410,REAL,1
6699,FAKE,0
7627,FAKE,0
4487,REAL,1
4716,REAL,1
1003,REAL,1
5801,FAKE,0
7931,FAKE,0
977,REAL,1
2572,REAL,1
8855,FAKE,0
7932,FAKE,0
3007,REAL,1
5833,FAKE,0
1290,REAL,1
522,REAL,1
9759,FAKE,0
9832,FAKE,0
7005,FAKE,0
6300,FAKE,0
4634,REAL,1
7638,FAKE,0
142,REAL,1
8613,FAKE,0
9901,FAKE,0
5168,REAL,1
10045,FAKE,0
9542,FAKE,0
2794,REAL,1
7171,FAKE,0
2043,REAL,1
9887,FAKE,0
7475,FAKE,0
7836,FAKE,0
5425,FAKE,0
8900,FAKE,0
6849,FAKE,0
483,REAL,1
4613,REAL,1
7182,FAKE,0
8859,FAKE,0
2749,REAL,1
5406,FAKE,0
7570,FAKE,0
8904,FAKE,0
5016,REAL,1
2001,REAL,1
9721,FAKE,0
258,REAL,1
8582,FAKE,0
4694,REAL,1
9925,FAKE,0
10157,FAKE,0
9325,FAKE,0
1300,REAL,1
5391,FAKE,0
8141,FAKE,0
5454,FAKE,0
8694,FAKE,0
8053,FAKE,0
3050,REAL,1
9377,FAKE,0
8293,FAKE,0
7008,FAKE,0
989,REAL,1
6713,FAKE,0
1743,REAL,1
5574,FAKE,0
1257,REAL,1
2279,REAL,1
10086,FAKE,0
2993,REAL,1
6935,FAKE,0
3839,REAL,1
4227,REAL,1
2799,REAL,1
8350,FAKE,0
515,REAL,1
8808,FAKE,0
2249,REAL,1
7082,FAKE,0
3013,REAL,1
3388,REAL,1
4655,REAL,1
9817,FAKE,0
7900,FAKE,0
2776,REAL,1
340,REAL,1
359,REAL,1
7759,FAKE,0
2733,REAL,1
8757,FAKE,0
9218,FAKE,0
1542,REAL,1
4799,REAL,1
10289,FAKE,0
9727,FAKE,0
9621,FAKE,0
9695,FAKE,0
7437,FAKE,0
10417,FAKE,0
6457,FAKE,0
7030,FAKE,0
9013,FAKE,0
9509,FAKE,0
3825,REAL,1
4515,REAL,1
2747,REAL,1
6516,FAKE,0
9636,FAKE,0
7398,FAKE,0
3717,REAL,1
5205,REAL,1
6696,FAKE,0
7991,FAKE,0
1303,REAL,1
9051,FAKE,0
10200,FAKE,0
10009,FAKE,0
4214,REAL,1
2316,REAL,1
8411,FAKE,0
6143,FAKE,0
3262,REAL,1
9337,FAKE,0
8737,FAKE,0
4490,REAL,1
8062,FAKE,0
8622,FAKE,0
4021,REAL,1
4330,REAL,1
